id,failed_equipment_id,failure_type,failure_date
1,130,parts missing,Thu Aug 01 2019 20:00:00 GMT-0400 (Eastern Daylight Time)
2,19,broken,Mon Sep 10 2012 20:00:00 GMT-0400 (Eastern Daylight Time)
3,98,broken,Tue Mar 08 2011 19:00:00 GMT-0500 (Eastern Standard Time)
4,77,malfunction,Mon Dec 16 2019 19:00:00 GMT-0500 (Eastern Standard Time)
5,70,buggy,Sun Feb 01 2015 19:00:00 GMT-0500 (Eastern Standard Time)
6,168,screws loose,Sun Jul 15 2018 20:00:00 GMT-0400 (Eastern Daylight Time)
7,63,unstable,Mon Nov 21 2011 19:00:00 GMT-0500 (Eastern Standard Time)
8,179,parts missing,Tue Mar 27 2018 20:00:00 GMT-0400 (Eastern Daylight Time)
9,25,malfunction,Tue Mar 16 2010 20:00:00 GMT-0400 (Eastern Daylight Time)
10,138,delayed activation,Wed Aug 14 2013 20:00:00 GMT-0400 (Eastern Daylight Time)
11,156,disabled,Sat Jun 07 2014 20:00:00 GMT-0400 (Eastern Daylight Time)
12,162,buggy,Tue Nov 08 2011 19:00:00 GMT-0500 (Eastern Standard Time)
13,139,delayed activation,Sun Jan 12 2014 19:00:00 GMT-0500 (Eastern Standard Time)
14,28,disabled,Wed Oct 30 2013 20:00:00 GMT-0400 (Eastern Daylight Time)
15,12,disabled,Wed Feb 28 2018 19:00:00 GMT-0500 (Eastern Standard Time)
16,181,parts missing,Tue Sep 07 2010 20:00:00 GMT-0400 (Eastern Daylight Time)
17,180,disabled,Sun May 06 2012 20:00:00 GMT-0400 (Eastern Daylight Time)
18,157,delayed activation,Sat Jun 22 2013 20:00:00 GMT-0400 (Eastern Daylight Time)
19,71,malfunction,Mon Dec 19 2016 19:00:00 GMT-0500 (Eastern Standard Time)
20,47,buggy,Mon Jul 01 2019 20:00:00 GMT-0400 (Eastern Daylight Time)
21,4,unstable,Sat Jul 14 2012 20:00:00 GMT-0400 (Eastern Daylight Time)
22,10,screws loose,Fri Nov 22 2019 19:00:00 GMT-0500 (Eastern Standard Time)
23,99,unstable,Thu Dec 13 2018 19:00:00 GMT-0500 (Eastern Standard Time)
24,6,malfunction,Sun Dec 30 2012 19:00:00 GMT-0500 (Eastern Standard Time)
25,22,malfunction,Sat Dec 03 2011 19:00:00 GMT-0500 (Eastern Standard Time)
26,60,delayed activation,Sun Aug 29 2010 20:00:00 GMT-0400 (Eastern Daylight Time)
27,84,disabled,Mon Sep 02 2013 20:00:00 GMT-0400 (Eastern Daylight Time)
28,135,buggy,Tue Jun 05 2012 20:00:00 GMT-0400 (Eastern Daylight Time)
29,31,delayed activation,Fri Jul 05 2013 20:00:00 GMT-0400 (Eastern Daylight Time)
30,175,delayed activation,Fri Jun 14 2013 20:00:00 GMT-0400 (Eastern Daylight Time)
31,139,unstable,Sat Feb 11 2012 19:00:00 GMT-0500 (Eastern Standard Time)
32,62,broken,Wed Mar 25 2015 20:00:00 GMT-0400 (Eastern Daylight Time)
33,88,delayed activation,Tue Aug 14 2018 20:00:00 GMT-0400 (Eastern Daylight Time)
34,44,unstable,Thu Apr 28 2016 20:00:00 GMT-0400 (Eastern Daylight Time)
35,59,malfunction,Mon Jun 26 2017 20:00:00 GMT-0400 (Eastern Daylight Time)
36,4,disabled,Sun Oct 06 2013 20:00:00 GMT-0400 (Eastern Daylight Time)
37,34,screws loose,Tue Feb 02 2010 19:00:00 GMT-0500 (Eastern Standard Time)
38,91,malfunction,Thu Dec 27 2012 19:00:00 GMT-0500 (Eastern Standard Time)
39,37,screws loose,Mon Feb 11 2019 19:00:00 GMT-0500 (Eastern Standard Time)
40,7,screws loose,Fri Aug 15 2014 20:00:00 GMT-0400 (Eastern Daylight Time)
41,65,malfunction,Wed Sep 07 2016 20:00:00 GMT-0400 (Eastern Daylight Time)
42,113,unstable,Wed Feb 15 2017 19:00:00 GMT-0500 (Eastern Standard Time)
43,57,parts missing,Fri Aug 31 2012 20:00:00 GMT-0400 (Eastern Daylight Time)
44,11,parts missing,Tue Jan 18 2011 19:00:00 GMT-0500 (Eastern Standard Time)
45,174,broken,Wed Dec 25 2013 19:00:00 GMT-0500 (Eastern Standard Time)
46,81,unstable,Sat Sep 07 2019 20:00:00 GMT-0400 (Eastern Daylight Time)
47,22,buggy,Tue May 16 2017 20:00:00 GMT-0400 (Eastern Daylight Time)
48,125,unstable,Wed Apr 29 2015 20:00:00 GMT-0400 (Eastern Daylight Time)
49,199,parts missing,Mon Apr 23 2012 20:00:00 GMT-0400 (Eastern Daylight Time)
50,182,unstable,Sat Oct 28 2017 20:00:00 GMT-0400 (Eastern Daylight Time)
51,105,parts missing,Thu Jan 27 2011 19:00:00 GMT-0500 (Eastern Standard Time)
52,77,delayed activation,Thu Aug 10 2017 20:00:00 GMT-0400 (Eastern Daylight Time)
53,144,disabled,Mon Aug 21 2017 20:00:00 GMT-0400 (Eastern Daylight Time)
54,54,delayed activation,Fri Feb 17 2012 19:00:00 GMT-0500 (Eastern Standard Time)
55,182,buggy,Mon Jul 10 2017 20:00:00 GMT-0400 (Eastern Daylight Time)
56,124,disabled,Wed Sep 07 2016 20:00:00 GMT-0400 (Eastern Daylight Time)
57,38,buggy,Thu Jun 06 2013 20:00:00 GMT-0400 (Eastern Daylight Time)
58,108,disabled,Mon Sep 15 2014 20:00:00 GMT-0400 (Eastern Daylight Time)
59,165,broken,Tue Jul 09 2019 20:00:00 GMT-0400 (Eastern Daylight Time)
60,4,parts missing,Fri Jan 14 2011 19:00:00 GMT-0500 (Eastern Standard Time)
61,164,parts missing,Wed Feb 15 2012 19:00:00 GMT-0500 (Eastern Standard Time)
62,154,screws loose,Thu May 11 2017 20:00:00 GMT-0400 (Eastern Daylight Time)
63,102,parts missing,Sat Aug 02 2014 20:00:00 GMT-0400 (Eastern Daylight Time)
64,4,broken,Sat Sep 14 2013 20:00:00 GMT-0400 (Eastern Daylight Time)
65,195,broken,Sat Dec 17 2011 19:00:00 GMT-0500 (Eastern Standard Time)
66,31,unstable,Mon Aug 06 2012 20:00:00 GMT-0400 (Eastern Daylight Time)
67,10,malfunction,Sat Oct 21 2017 20:00:00 GMT-0400 (Eastern Daylight Time)
68,191,malfunction,Fri May 07 2010 20:00:00 GMT-0400 (Eastern Daylight Time)
69,141,screws loose,Sat Jul 13 2019 20:00:00 GMT-0400 (Eastern Daylight Time)
70,147,buggy,Thu Jun 26 2014 20:00:00 GMT-0400 (Eastern Daylight Time)
71,178,screws loose,Mon Dec 13 2010 19:00:00 GMT-0500 (Eastern Standard Time)
72,33,malfunction,Thu Nov 28 2019 19:00:00 GMT-0500 (Eastern Standard Time)
73,133,broken,Sun Apr 07 2019 20:00:00 GMT-0400 (Eastern Daylight Time)
74,97,broken,Fri May 25 2012 20:00:00 GMT-0400 (Eastern Daylight Time)
75,51,buggy,Sun Jul 16 2017 20:00:00 GMT-0400 (Eastern Daylight Time)
76,16,delayed activation,Sat Nov 12 2016 19:00:00 GMT-0500 (Eastern Standard Time)
77,197,buggy,Sat Sep 22 2012 20:00:00 GMT-0400 (Eastern Daylight Time)
78,40,broken,Mon Feb 08 2016 19:00:00 GMT-0500 (Eastern Standard Time)
79,42,buggy,Tue Oct 14 2014 20:00:00 GMT-0400 (Eastern Daylight Time)
80,9,broken,Sat May 05 2018 20:00:00 GMT-0400 (Eastern Daylight Time)
81,97,buggy,Fri Apr 14 2017 20:00:00 GMT-0400 (Eastern Daylight Time)
82,61,buggy,Tue May 22 2018 20:00:00 GMT-0400 (Eastern Daylight Time)
83,8,delayed activation,Thu Mar 26 2015 20:00:00 GMT-0400 (Eastern Daylight Time)
84,148,screws loose,Tue Mar 05 2019 19:00:00 GMT-0500 (Eastern Standard Time)
85,63,broken,Tue Jun 25 2013 20:00:00 GMT-0400 (Eastern Daylight Time)
86,6,broken,Tue Apr 28 2015 20:00:00 GMT-0400 (Eastern Daylight Time)
87,161,disabled,Sat Jul 02 2016 20:00:00 GMT-0400 (Eastern Daylight Time)
88,38,disabled,Sat Apr 05 2014 20:00:00 GMT-0400 (Eastern Daylight Time)
89,20,malfunction,Mon Jul 04 2016 20:00:00 GMT-0400 (Eastern Daylight Time)
90,56,parts missing,Mon Oct 28 2019 20:00:00 GMT-0400 (Eastern Daylight Time)
91,157,buggy,Mon Aug 29 2011 20:00:00 GMT-0400 (Eastern Daylight Time)
92,115,screws loose,Fri Jan 07 2011 19:00:00 GMT-0500 (Eastern Standard Time)
93,29,delayed activation,Tue Apr 08 2014 20:00:00 GMT-0400 (Eastern Daylight Time)
94,90,delayed activation,Wed Jun 14 2017 20:00:00 GMT-0400 (Eastern Daylight Time)
95,178,disabled,Wed Feb 06 2019 19:00:00 GMT-0500 (Eastern Standard Time)
96,197,parts missing,Sat Jul 02 2016 20:00:00 GMT-0400 (Eastern Daylight Time)
97,56,delayed activation,Sat Apr 14 2012 20:00:00 GMT-0400 (Eastern Daylight Time)
98,67,broken,Fri Jan 14 2011 19:00:00 GMT-0500 (Eastern Standard Time)
99,10,parts missing,Sat Mar 20 2010 20:00:00 GMT-0400 (Eastern Daylight Time)
100,185,broken,Sun Jan 11 2015 19:00:00 GMT-0500 (Eastern Standard Time)
101,60,unstable,Mon Jul 28 2014 20:00:00 GMT-0400 (Eastern Daylight Time)
102,1,buggy,Sun Jun 02 2013 20:00:00 GMT-0400 (Eastern Daylight Time)
103,31,disabled,Mon Mar 05 2012 19:00:00 GMT-0500 (Eastern Standard Time)
104,166,unstable,Fri Nov 09 2018 19:00:00 GMT-0500 (Eastern Standard Time)
105,5,malfunction,Tue Mar 07 2017 19:00:00 GMT-0500 (Eastern Standard Time)
106,114,broken,Sun Dec 30 2018 19:00:00 GMT-0500 (Eastern Standard Time)
107,143,parts missing,Fri Mar 04 2011 19:00:00 GMT-0500 (Eastern Standard Time)
108,16,delayed activation,Thu May 15 2014 20:00:00 GMT-0400 (Eastern Daylight Time)
109,19,broken,Sun Dec 25 2016 19:00:00 GMT-0500 (Eastern Standard Time)
110,198,malfunction,Wed Jun 26 2013 20:00:00 GMT-0400 (Eastern Daylight Time)
111,118,screws loose,Fri Jan 11 2019 19:00:00 GMT-0500 (Eastern Standard Time)
112,85,screws loose,Thu Feb 25 2010 19:00:00 GMT-0500 (Eastern Standard Time)
113,166,unstable,Tue Sep 02 2014 20:00:00 GMT-0400 (Eastern Daylight Time)
114,181,parts missing,Sat Mar 05 2016 19:00:00 GMT-0500 (Eastern Standard Time)
115,108,malfunction,Fri Dec 28 2012 19:00:00 GMT-0500 (Eastern Standard Time)
116,194,disabled,Fri Oct 14 2011 20:00:00 GMT-0400 (Eastern Daylight Time)
117,45,disabled,Fri May 16 2014 20:00:00 GMT-0400 (Eastern Daylight Time)
118,173,malfunction,Thu Mar 28 2013 20:00:00 GMT-0400 (Eastern Daylight Time)
119,192,broken,Sun Dec 10 2017 19:00:00 GMT-0500 (Eastern Standard Time)
120,99,parts missing,Thu Nov 14 2013 19:00:00 GMT-0500 (Eastern Standard Time)
121,29,screws loose,Tue Dec 19 2017 19:00:00 GMT-0500 (Eastern Standard Time)
122,151,malfunction,Wed Apr 28 2010 20:00:00 GMT-0400 (Eastern Daylight Time)
123,176,buggy,Tue May 29 2018 20:00:00 GMT-0400 (Eastern Daylight Time)
124,112,screws loose,Sat Oct 13 2018 20:00:00 GMT-0400 (Eastern Daylight Time)
125,142,buggy,Wed Nov 03 2010 20:00:00 GMT-0400 (Eastern Daylight Time)
126,197,broken,Fri May 01 2015 20:00:00 GMT-0400 (Eastern Daylight Time)
127,13,buggy,Sun May 24 2015 20:00:00 GMT-0400 (Eastern Daylight Time)
128,102,broken,Sun May 12 2013 20:00:00 GMT-0400 (Eastern Daylight Time)
129,187,screws loose,Fri Apr 03 2015 20:00:00 GMT-0400 (Eastern Daylight Time)
130,163,disabled,Fri Feb 20 2015 19:00:00 GMT-0500 (Eastern Standard Time)
131,195,broken,Fri Mar 23 2012 20:00:00 GMT-0400 (Eastern Daylight Time)
132,46,buggy,Thu May 19 2016 20:00:00 GMT-0400 (Eastern Daylight Time)
133,31,unstable,Wed Nov 21 2018 19:00:00 GMT-0500 (Eastern Standard Time)
134,18,disabled,Fri Aug 09 2019 20:00:00 GMT-0400 (Eastern Daylight Time)
135,166,delayed activation,Wed Jun 16 2010 20:00:00 GMT-0400 (Eastern Daylight Time)
136,136,buggy,Mon Nov 30 2015 19:00:00 GMT-0500 (Eastern Standard Time)
137,177,broken,Sun May 08 2016 20:00:00 GMT-0400 (Eastern Daylight Time)
138,62,delayed activation,Fri Jun 17 2011 20:00:00 GMT-0400 (Eastern Daylight Time)
139,139,disabled,Thu Mar 07 2013 19:00:00 GMT-0500 (Eastern Standard Time)
140,146,screws loose,Sat Dec 24 2011 19:00:00 GMT-0500 (Eastern Standard Time)
141,15,malfunction,Fri Aug 04 2017 20:00:00 GMT-0400 (Eastern Daylight Time)
142,5,disabled,Wed Jan 05 2011 19:00:00 GMT-0500 (Eastern Standard Time)
143,148,disabled,Mon Sep 08 2014 20:00:00 GMT-0400 (Eastern Daylight Time)
144,28,parts missing,Thu Apr 03 2014 20:00:00 GMT-0400 (Eastern Daylight Time)
145,3,buggy,Fri Dec 02 2016 19:00:00 GMT-0500 (Eastern Standard Time)
146,4,screws loose,Sun Oct 18 2015 20:00:00 GMT-0400 (Eastern Daylight Time)
147,17,malfunction,Thu Oct 30 2014 20:00:00 GMT-0400 (Eastern Daylight Time)
148,105,buggy,Sun May 19 2013 20:00:00 GMT-0400 (Eastern Daylight Time)
149,73,buggy,Tue Jul 22 2014 20:00:00 GMT-0400 (Eastern Daylight Time)
150,179,disabled,Sun Dec 27 2015 19:00:00 GMT-0500 (Eastern Standard Time)
151,148,buggy,Wed Oct 14 2015 20:00:00 GMT-0400 (Eastern Daylight Time)
152,142,unstable,Thu Dec 27 2012 19:00:00 GMT-0500 (Eastern Standard Time)
153,99,malfunction,Wed Dec 04 2013 19:00:00 GMT-0500 (Eastern Standard Time)
154,194,disabled,Mon Sep 27 2010 20:00:00 GMT-0400 (Eastern Daylight Time)
155,41,disabled,Thu Aug 22 2019 20:00:00 GMT-0400 (Eastern Daylight Time)
156,54,disabled,Thu Aug 22 2019 20:00:00 GMT-0400 (Eastern Daylight Time)
157,148,screws loose,Sun Aug 13 2017 20:00:00 GMT-0400 (Eastern Daylight Time)
158,94,buggy,Thu Nov 03 2011 20:00:00 GMT-0400 (Eastern Daylight Time)
159,175,screws loose,Fri Dec 15 2017 19:00:00 GMT-0500 (Eastern Standard Time)
160,186,disabled,Wed Jun 18 2014 20:00:00 GMT-0400 (Eastern Daylight Time)
161,41,malfunction,Mon May 07 2018 20:00:00 GMT-0400 (Eastern Daylight Time)
162,103,broken,Mon Dec 17 2018 19:00:00 GMT-0500 (Eastern Standard Time)
163,121,screws loose,Mon Mar 18 2013 20:00:00 GMT-0400 (Eastern Daylight Time)
164,106,malfunction,Wed Feb 11 2015 19:00:00 GMT-0500 (Eastern Standard Time)
165,88,unstable,Thu May 01 2014 20:00:00 GMT-0400 (Eastern Daylight Time)
166,11,parts missing,Sat Jul 01 2017 20:00:00 GMT-0400 (Eastern Daylight Time)
167,191,parts missing,Fri Oct 31 2014 20:00:00 GMT-0400 (Eastern Daylight Time)
168,163,delayed activation,Fri Jun 03 2011 20:00:00 GMT-0400 (Eastern Daylight Time)
169,129,unstable,Thu Dec 28 2017 19:00:00 GMT-0500 (Eastern Standard Time)
170,125,disabled,Fri Sep 01 2017 20:00:00 GMT-0400 (Eastern Daylight Time)
171,50,disabled,Sat Mar 02 2019 19:00:00 GMT-0500 (Eastern Standard Time)
172,132,screws loose,Sun Jun 12 2016 20:00:00 GMT-0400 (Eastern Daylight Time)
173,151,broken,Fri Jul 28 2017 20:00:00 GMT-0400 (Eastern Daylight Time)
174,47,delayed activation,Mon Jan 17 2011 19:00:00 GMT-0500 (Eastern Standard Time)
175,60,parts missing,Tue Nov 29 2011 19:00:00 GMT-0500 (Eastern Standard Time)
176,121,delayed activation,Tue Feb 14 2012 19:00:00 GMT-0500 (Eastern Standard Time)
177,14,broken,Tue Apr 15 2014 20:00:00 GMT-0400 (Eastern Daylight Time)
178,47,parts missing,Sun Aug 08 2010 20:00:00 GMT-0400 (Eastern Daylight Time)
179,24,malfunction,Thu Aug 21 2014 20:00:00 GMT-0400 (Eastern Daylight Time)
180,127,unstable,Tue Aug 06 2013 20:00:00 GMT-0400 (Eastern Daylight Time)
181,165,unstable,Tue Oct 23 2018 20:00:00 GMT-0400 (Eastern Daylight Time)
182,117,screws loose,Wed Aug 28 2013 20:00:00 GMT-0400 (Eastern Daylight Time)
183,33,buggy,Sat Dec 24 2016 19:00:00 GMT-0500 (Eastern Standard Time)
184,16,screws loose,Fri Jan 03 2014 19:00:00 GMT-0500 (Eastern Standard Time)
185,8,delayed activation,Sun Apr 01 2012 20:00:00 GMT-0400 (Eastern Daylight Time)
186,15,buggy,Wed Jun 23 2010 20:00:00 GMT-0400 (Eastern Daylight Time)
187,44,broken,Wed Jan 09 2019 19:00:00 GMT-0500 (Eastern Standard Time)
188,131,unstable,Sun Apr 26 2015 20:00:00 GMT-0400 (Eastern Daylight Time)
189,62,unstable,Tue Jan 12 2010 19:00:00 GMT-0500 (Eastern Standard Time)
190,124,malfunction,Fri Sep 23 2011 20:00:00 GMT-0400 (Eastern Daylight Time)
191,75,malfunction,Sat Sep 28 2013 20:00:00 GMT-0400 (Eastern Daylight Time)
192,68,broken,Sat Nov 16 2013 19:00:00 GMT-0500 (Eastern Standard Time)
193,43,buggy,Wed Nov 28 2012 19:00:00 GMT-0500 (Eastern Standard Time)
194,156,delayed activation,Tue Nov 28 2017 19:00:00 GMT-0500 (Eastern Standard Time)
195,36,parts missing,Sat Oct 01 2016 20:00:00 GMT-0400 (Eastern Daylight Time)
196,15,parts missing,Sat Feb 17 2018 19:00:00 GMT-0500 (Eastern Standard Time)
197,192,buggy,Thu Jun 20 2019 20:00:00 GMT-0400 (Eastern Daylight Time)
198,104,delayed activation,Tue Apr 18 2017 20:00:00 GMT-0400 (Eastern Daylight Time)
199,123,disabled,Thu Dec 06 2012 19:00:00 GMT-0500 (Eastern Standard Time)
200,85,buggy,Thu Apr 07 2016 20:00:00 GMT-0400 (Eastern Daylight Time)
201,170,screws loose,Sat Dec 08 2012 19:00:00 GMT-0500 (Eastern Standard Time)
202,64,buggy,Mon Dec 23 2013 19:00:00 GMT-0500 (Eastern Standard Time)
203,35,screws loose,Sat Jun 02 2018 20:00:00 GMT-0400 (Eastern Daylight Time)
204,40,buggy,Tue Dec 24 2019 19:00:00 GMT-0500 (Eastern Standard Time)
205,12,unstable,Fri Feb 20 2015 19:00:00 GMT-0500 (Eastern Standard Time)
206,53,screws loose,Tue Jun 10 2014 20:00:00 GMT-0400 (Eastern Daylight Time)
207,82,screws loose,Thu Jan 26 2012 19:00:00 GMT-0500 (Eastern Standard Time)
208,69,buggy,Tue Feb 26 2013 19:00:00 GMT-0500 (Eastern Standard Time)
209,69,screws loose,Thu Mar 22 2018 20:00:00 GMT-0400 (Eastern Daylight Time)
210,15,parts missing,Tue May 17 2016 20:00:00 GMT-0400 (Eastern Daylight Time)
211,82,delayed activation,Sat Nov 13 2010 19:00:00 GMT-0500 (Eastern Standard Time)
212,4,buggy,Mon Jan 02 2012 19:00:00 GMT-0500 (Eastern Standard Time)
213,121,screws loose,Thu Jan 28 2016 19:00:00 GMT-0500 (Eastern Standard Time)
214,3,disabled,Mon Aug 21 2017 20:00:00 GMT-0400 (Eastern Daylight Time)
215,2,buggy,Fri Jan 15 2010 19:00:00 GMT-0500 (Eastern Standard Time)
216,162,screws loose,Tue Feb 06 2018 19:00:00 GMT-0500 (Eastern Standard Time)
217,57,delayed activation,Thu Jun 13 2013 20:00:00 GMT-0400 (Eastern Daylight Time)
218,88,malfunction,Mon Oct 07 2013 20:00:00 GMT-0400 (Eastern Daylight Time)
219,114,malfunction,Sat Mar 04 2017 19:00:00 GMT-0500 (Eastern Standard Time)
220,175,screws loose,Fri Jul 06 2018 20:00:00 GMT-0400 (Eastern Daylight Time)
221,132,disabled,Thu Jun 26 2014 20:00:00 GMT-0400 (Eastern Daylight Time)
222,84,parts missing,Thu Nov 17 2016 19:00:00 GMT-0500 (Eastern Standard Time)
223,175,delayed activation,Fri Feb 17 2012 19:00:00 GMT-0500 (Eastern Standard Time)
224,83,parts missing,Wed Oct 05 2011 20:00:00 GMT-0400 (Eastern Daylight Time)
225,70,unstable,Wed Aug 24 2016 20:00:00 GMT-0400 (Eastern Daylight Time)
226,84,unstable,Fri Aug 05 2016 20:00:00 GMT-0400 (Eastern Daylight Time)
227,76,parts missing,Tue Feb 13 2018 19:00:00 GMT-0500 (Eastern Standard Time)
228,174,delayed activation,Tue Feb 23 2016 19:00:00 GMT-0500 (Eastern Standard Time)
229,199,broken,Sun Sep 08 2019 20:00:00 GMT-0400 (Eastern Daylight Time)
230,32,screws loose,Fri Dec 10 2010 19:00:00 GMT-0500 (Eastern Standard Time)
231,136,parts missing,Sun Jun 26 2016 20:00:00 GMT-0400 (Eastern Daylight Time)
232,165,delayed activation,Mon Dec 03 2018 19:00:00 GMT-0500 (Eastern Standard Time)
233,45,disabled,Thu Apr 29 2010 20:00:00 GMT-0400 (Eastern Daylight Time)
234,191,parts missing,Wed Jul 24 2013 20:00:00 GMT-0400 (Eastern Daylight Time)
235,55,malfunction,Wed Nov 14 2012 19:00:00 GMT-0500 (Eastern Standard Time)
236,177,parts missing,Sat Oct 31 2015 20:00:00 GMT-0400 (Eastern Daylight Time)
237,184,buggy,Sat Aug 15 2015 20:00:00 GMT-0400 (Eastern Daylight Time)
238,58,disabled,Tue May 24 2011 20:00:00 GMT-0400 (Eastern Daylight Time)
239,16,delayed activation,Sat Dec 06 2014 19:00:00 GMT-0500 (Eastern Standard Time)
240,137,unstable,Sat Sep 20 2014 20:00:00 GMT-0400 (Eastern Daylight Time)
241,80,buggy,Fri Jun 15 2012 20:00:00 GMT-0400 (Eastern Daylight Time)
242,151,disabled,Tue Mar 05 2019 19:00:00 GMT-0500 (Eastern Standard Time)
243,89,delayed activation,Thu Aug 21 2014 20:00:00 GMT-0400 (Eastern Daylight Time)
244,59,broken,Sun Mar 31 2019 20:00:00 GMT-0400 (Eastern Daylight Time)
245,196,parts missing,Wed Aug 31 2016 20:00:00 GMT-0400 (Eastern Daylight Time)
246,185,buggy,Sun Nov 25 2012 19:00:00 GMT-0500 (Eastern Standard Time)
247,52,buggy,Fri May 18 2018 20:00:00 GMT-0400 (Eastern Daylight Time)
248,8,buggy,Fri Sep 21 2012 20:00:00 GMT-0400 (Eastern Daylight Time)
249,73,parts missing,Wed Mar 16 2016 20:00:00 GMT-0400 (Eastern Daylight Time)
250,132,malfunction,Sat Jul 21 2018 20:00:00 GMT-0400 (Eastern Daylight Time)
251,99,unstable,Thu Aug 23 2012 20:00:00 GMT-0400 (Eastern Daylight Time)
252,67,unstable,Wed Jul 21 2010 20:00:00 GMT-0400 (Eastern Daylight Time)
253,82,buggy,Sat Jan 16 2016 19:00:00 GMT-0500 (Eastern Standard Time)
254,139,parts missing,Wed Nov 14 2012 19:00:00 GMT-0500 (Eastern Standard Time)
255,122,disabled,Wed Oct 13 2010 20:00:00 GMT-0400 (Eastern Daylight Time)
256,30,parts missing,Thu Jun 13 2019 20:00:00 GMT-0400 (Eastern Daylight Time)
257,151,disabled,Wed Apr 23 2014 20:00:00 GMT-0400 (Eastern Daylight Time)
258,52,screws loose,Thu Sep 02 2010 20:00:00 GMT-0400 (Eastern Daylight Time)
259,41,delayed activation,Tue Aug 27 2013 20:00:00 GMT-0400 (Eastern Daylight Time)
260,76,screws loose,Tue Nov 06 2018 19:00:00 GMT-0500 (Eastern Standard Time)
261,47,broken,Fri Mar 14 2014 20:00:00 GMT-0400 (Eastern Daylight Time)
262,119,buggy,Mon Apr 17 2017 20:00:00 GMT-0400 (Eastern Daylight Time)
263,156,disabled,Tue Apr 05 2016 20:00:00 GMT-0400 (Eastern Daylight Time)
264,37,unstable,Thu Jul 04 2013 20:00:00 GMT-0400 (Eastern Daylight Time)
265,161,broken,Thu Sep 19 2019 20:00:00 GMT-0400 (Eastern Daylight Time)
266,100,screws loose,Tue Oct 23 2018 20:00:00 GMT-0400 (Eastern Daylight Time)
267,24,malfunction,Mon Aug 29 2011 20:00:00 GMT-0400 (Eastern Daylight Time)
268,75,malfunction,Thu Jan 11 2018 19:00:00 GMT-0500 (Eastern Standard Time)
269,1,parts missing,Wed Apr 17 2013 20:00:00 GMT-0400 (Eastern Daylight Time)
270,88,delayed activation,Wed Jan 20 2010 19:00:00 GMT-0500 (Eastern Standard Time)
271,83,disabled,Fri Dec 16 2011 19:00:00 GMT-0500 (Eastern Standard Time)
272,100,buggy,Thu Dec 27 2012 19:00:00 GMT-0500 (Eastern Standard Time)
273,144,broken,Sun Jun 06 2010 20:00:00 GMT-0400 (Eastern Daylight Time)
274,142,buggy,Mon Jan 13 2014 19:00:00 GMT-0500 (Eastern Standard Time)
275,163,parts missing,Fri May 24 2013 20:00:00 GMT-0400 (Eastern Daylight Time)
276,178,malfunction,Thu Apr 05 2012 20:00:00 GMT-0400 (Eastern Daylight Time)
277,163,delayed activation,Fri Mar 06 2015 19:00:00 GMT-0500 (Eastern Standard Time)
278,182,buggy,Sun Aug 11 2013 20:00:00 GMT-0400 (Eastern Daylight Time)
279,190,unstable,Fri Jan 11 2019 19:00:00 GMT-0500 (Eastern Standard Time)
280,71,disabled,Mon Oct 06 2014 20:00:00 GMT-0400 (Eastern Daylight Time)
281,25,buggy,Tue Jan 03 2017 19:00:00 GMT-0500 (Eastern Standard Time)
282,57,parts missing,Sun May 15 2011 20:00:00 GMT-0400 (Eastern Daylight Time)
283,180,parts missing,Sat May 11 2019 20:00:00 GMT-0400 (Eastern Daylight Time)
284,75,broken,Mon Sep 30 2019 20:00:00 GMT-0400 (Eastern Daylight Time)
285,3,buggy,Thu Jul 27 2017 20:00:00 GMT-0400 (Eastern Daylight Time)
286,120,screws loose,Sun Jan 30 2011 19:00:00 GMT-0500 (Eastern Standard Time)
287,10,parts missing,Mon Sep 05 2011 20:00:00 GMT-0400 (Eastern Daylight Time)
288,104,unstable,Wed Oct 16 2019 20:00:00 GMT-0400 (Eastern Daylight Time)
289,60,broken,Mon Oct 07 2019 20:00:00 GMT-0400 (Eastern Daylight Time)
290,155,unstable,Mon Dec 17 2012 19:00:00 GMT-0500 (Eastern Standard Time)
291,120,screws loose,Fri Nov 03 2017 20:00:00 GMT-0400 (Eastern Daylight Time)
292,10,buggy,Fri Oct 30 2015 20:00:00 GMT-0400 (Eastern Daylight Time)
293,48,malfunction,Sat Jul 17 2010 20:00:00 GMT-0400 (Eastern Daylight Time)
294,124,screws loose,Tue Feb 20 2018 19:00:00 GMT-0500 (Eastern Standard Time)
295,161,delayed activation,Sun Aug 21 2011 20:00:00 GMT-0400 (Eastern Daylight Time)
296,139,screws loose,Fri Aug 27 2010 20:00:00 GMT-0400 (Eastern Daylight Time)
297,189,malfunction,Fri Mar 04 2011 19:00:00 GMT-0500 (Eastern Standard Time)
298,55,parts missing,Sat Aug 08 2015 20:00:00 GMT-0400 (Eastern Daylight Time)
299,150,broken,Mon Jan 31 2011 19:00:00 GMT-0500 (Eastern Standard Time)
300,45,disabled,Sat Sep 24 2016 20:00:00 GMT-0400 (Eastern Daylight Time)
301,110,parts missing,Sun Dec 12 2010 19:00:00 GMT-0500 (Eastern Standard Time)
302,106,buggy,Fri Apr 06 2012 20:00:00 GMT-0400 (Eastern Daylight Time)
303,176,screws loose,Thu Apr 16 2015 20:00:00 GMT-0400 (Eastern Daylight Time)
304,114,broken,Thu Feb 07 2019 19:00:00 GMT-0500 (Eastern Standard Time)
305,114,delayed activation,Fri Oct 21 2011 20:00:00 GMT-0400 (Eastern Daylight Time)
306,155,unstable,Mon Oct 28 2019 20:00:00 GMT-0400 (Eastern Daylight Time)
307,130,screws loose,Sat Mar 09 2019 19:00:00 GMT-0500 (Eastern Standard Time)
308,72,parts missing,Thu May 01 2014 20:00:00 GMT-0400 (Eastern Daylight Time)
309,95,unstable,Fri May 08 2015 20:00:00 GMT-0400 (Eastern Daylight Time)
310,122,broken,Wed Oct 02 2013 20:00:00 GMT-0400 (Eastern Daylight Time)
311,111,unstable,Fri Jan 12 2018 19:00:00 GMT-0500 (Eastern Standard Time)
312,59,broken,Wed Oct 19 2011 20:00:00 GMT-0400 (Eastern Daylight Time)
313,107,parts missing,Thu Oct 04 2018 20:00:00 GMT-0400 (Eastern Daylight Time)
314,96,screws loose,Wed Nov 09 2011 19:00:00 GMT-0500 (Eastern Standard Time)
315,101,buggy,Sun Apr 05 2015 20:00:00 GMT-0400 (Eastern Daylight Time)
316,175,delayed activation,Wed Jul 18 2012 20:00:00 GMT-0400 (Eastern Daylight Time)
317,67,buggy,Wed Nov 07 2018 19:00:00 GMT-0500 (Eastern Standard Time)
318,88,malfunction,Wed Oct 24 2012 20:00:00 GMT-0400 (Eastern Daylight Time)
319,4,delayed activation,Wed Apr 03 2019 20:00:00 GMT-0400 (Eastern Daylight Time)
320,107,buggy,Wed Jun 20 2012 20:00:00 GMT-0400 (Eastern Daylight Time)
321,16,delayed activation,Mon Oct 17 2016 20:00:00 GMT-0400 (Eastern Daylight Time)
322,187,malfunction,Fri Jun 03 2016 20:00:00 GMT-0400 (Eastern Daylight Time)
323,22,broken,Wed Oct 24 2018 20:00:00 GMT-0400 (Eastern Daylight Time)
324,152,delayed activation,Mon Mar 09 2015 20:00:00 GMT-0400 (Eastern Daylight Time)
325,18,screws loose,Fri Feb 05 2010 19:00:00 GMT-0500 (Eastern Standard Time)
326,187,delayed activation,Sun Sep 02 2012 20:00:00 GMT-0400 (Eastern Daylight Time)
327,72,broken,Tue Apr 23 2019 20:00:00 GMT-0400 (Eastern Daylight Time)
328,134,unstable,Wed Sep 20 2017 20:00:00 GMT-0400 (Eastern Daylight Time)
329,146,broken,Thu Apr 18 2013 20:00:00 GMT-0400 (Eastern Daylight Time)
330,65,screws loose,Thu Nov 21 2019 19:00:00 GMT-0500 (Eastern Standard Time)
331,171,parts missing,Wed Oct 09 2019 20:00:00 GMT-0400 (Eastern Daylight Time)
332,183,screws loose,Sat Aug 24 2013 20:00:00 GMT-0400 (Eastern Daylight Time)
333,59,delayed activation,Thu Dec 04 2014 19:00:00 GMT-0500 (Eastern Standard Time)
334,62,screws loose,Wed Feb 06 2019 19:00:00 GMT-0500 (Eastern Standard Time)
335,111,delayed activation,Mon Apr 04 2011 20:00:00 GMT-0400 (Eastern Daylight Time)
336,165,parts missing,Sat Mar 09 2019 19:00:00 GMT-0500 (Eastern Standard Time)
337,174,broken,Mon Aug 31 2015 20:00:00 GMT-0400 (Eastern Daylight Time)
338,72,broken,Thu Mar 01 2012 19:00:00 GMT-0500 (Eastern Standard Time)
339,24,screws loose,Mon Apr 13 2015 20:00:00 GMT-0400 (Eastern Daylight Time)
340,188,parts missing,Thu May 26 2016 20:00:00 GMT-0400 (Eastern Daylight Time)
341,20,screws loose,Thu May 31 2012 20:00:00 GMT-0400 (Eastern Daylight Time)
342,18,parts missing,Tue Mar 22 2011 20:00:00 GMT-0400 (Eastern Daylight Time)
343,154,buggy,Wed Jan 13 2016 19:00:00 GMT-0500 (Eastern Standard Time)
344,43,screws loose,Thu Jun 11 2015 20:00:00 GMT-0400 (Eastern Daylight Time)
345,106,unstable,Wed Mar 07 2018 19:00:00 GMT-0500 (Eastern Standard Time)
346,170,parts missing,Wed Dec 26 2018 19:00:00 GMT-0500 (Eastern Standard Time)
347,140,screws loose,Fri Mar 15 2019 20:00:00 GMT-0400 (Eastern Daylight Time)
348,119,broken,Sat Nov 28 2015 19:00:00 GMT-0500 (Eastern Standard Time)
349,131,parts missing,Thu Oct 06 2016 20:00:00 GMT-0400 (Eastern Daylight Time)
350,54,screws loose,Mon Mar 21 2016 20:00:00 GMT-0400 (Eastern Daylight Time)
351,150,screws loose,Sun Aug 21 2011 20:00:00 GMT-0400 (Eastern Daylight Time)
352,89,parts missing,Mon Dec 30 2013 19:00:00 GMT-0500 (Eastern Standard Time)
353,44,buggy,Wed May 17 2017 20:00:00 GMT-0400 (Eastern Daylight Time)
354,156,screws loose,Sat Mar 26 2011 20:00:00 GMT-0400 (Eastern Daylight Time)
355,177,disabled,Sun Nov 18 2012 19:00:00 GMT-0500 (Eastern Standard Time)
356,139,disabled,Thu May 26 2011 20:00:00 GMT-0400 (Eastern Daylight Time)
357,122,delayed activation,Thu Apr 25 2013 20:00:00 GMT-0400 (Eastern Daylight Time)
358,107,buggy,Sun Oct 17 2010 20:00:00 GMT-0400 (Eastern Daylight Time)
359,48,broken,Mon Mar 03 2014 19:00:00 GMT-0500 (Eastern Standard Time)
360,169,parts missing,Sat Aug 18 2018 20:00:00 GMT-0400 (Eastern Daylight Time)
361,6,buggy,Fri Jun 13 2014 20:00:00 GMT-0400 (Eastern Daylight Time)
362,142,broken,Mon May 13 2019 20:00:00 GMT-0400 (Eastern Daylight Time)
363,33,unstable,Sat Jul 30 2011 20:00:00 GMT-0400 (Eastern Daylight Time)
364,5,malfunction,Sun Jan 13 2019 19:00:00 GMT-0500 (Eastern Standard Time)
365,38,screws loose,Sun Apr 28 2013 20:00:00 GMT-0400 (Eastern Daylight Time)
366,163,delayed activation,Thu Nov 03 2011 20:00:00 GMT-0400 (Eastern Daylight Time)
367,31,unstable,Tue Aug 07 2018 20:00:00 GMT-0400 (Eastern Daylight Time)
368,77,delayed activation,Wed May 18 2011 20:00:00 GMT-0400 (Eastern Daylight Time)
369,159,parts missing,Thu Feb 06 2014 19:00:00 GMT-0500 (Eastern Standard Time)
370,141,buggy,Mon Jan 11 2016 19:00:00 GMT-0500 (Eastern Standard Time)
371,174,unstable,Tue Aug 14 2012 20:00:00 GMT-0400 (Eastern Daylight Time)
372,98,disabled,Sat Dec 15 2018 19:00:00 GMT-0500 (Eastern Standard Time)
373,136,screws loose,Tue Sep 27 2011 20:00:00 GMT-0400 (Eastern Daylight Time)
374,67,parts missing,Sat Jun 02 2018 20:00:00 GMT-0400 (Eastern Daylight Time)
375,161,delayed activation,Thu Jun 15 2017 20:00:00 GMT-0400 (Eastern Daylight Time)
376,68,parts missing,Fri Aug 02 2013 20:00:00 GMT-0400 (Eastern Daylight Time)
377,91,parts missing,Mon Jan 07 2019 19:00:00 GMT-0500 (Eastern Standard Time)
378,45,broken,Fri Dec 23 2016 19:00:00 GMT-0500 (Eastern Standard Time)
379,108,malfunction,Sun Jan 05 2014 19:00:00 GMT-0500 (Eastern Standard Time)
380,185,unstable,Thu Dec 22 2016 19:00:00 GMT-0500 (Eastern Standard Time)
381,19,unstable,Sat Dec 10 2016 19:00:00 GMT-0500 (Eastern Standard Time)
382,66,parts missing,Tue Jul 24 2012 20:00:00 GMT-0400 (Eastern Daylight Time)
383,5,disabled,Fri May 31 2013 20:00:00 GMT-0400 (Eastern Daylight Time)
384,26,parts missing,Fri May 29 2015 20:00:00 GMT-0400 (Eastern Daylight Time)
385,191,malfunction,Tue Aug 21 2018 20:00:00 GMT-0400 (Eastern Daylight Time)
386,32,screws loose,Thu Sep 12 2013 20:00:00 GMT-0400 (Eastern Daylight Time)
387,84,buggy,Wed Jul 22 2015 20:00:00 GMT-0400 (Eastern Daylight Time)
388,43,disabled,Sun Nov 09 2014 19:00:00 GMT-0500 (Eastern Standard Time)
389,84,buggy,Wed Feb 29 2012 19:00:00 GMT-0500 (Eastern Standard Time)
390,122,delayed activation,Sat Mar 15 2014 20:00:00 GMT-0400 (Eastern Daylight Time)
391,196,disabled,Wed May 08 2019 20:00:00 GMT-0400 (Eastern Daylight Time)
392,172,buggy,Sat Jun 04 2016 20:00:00 GMT-0400 (Eastern Daylight Time)
393,96,disabled,Wed Jun 13 2018 20:00:00 GMT-0400 (Eastern Daylight Time)
394,21,parts missing,Sun Feb 10 2013 19:00:00 GMT-0500 (Eastern Standard Time)
395,60,buggy,Sun Aug 31 2014 20:00:00 GMT-0400 (Eastern Daylight Time)
396,109,parts missing,Tue Jun 26 2018 20:00:00 GMT-0400 (Eastern Daylight Time)
397,197,unstable,Mon Aug 06 2018 20:00:00 GMT-0400 (Eastern Daylight Time)
398,155,unstable,Sun Nov 15 2015 19:00:00 GMT-0500 (Eastern Standard Time)
399,79,screws loose,Mon Jul 08 2019 20:00:00 GMT-0400 (Eastern Daylight Time)
400,66,disabled,Sat Mar 08 2014 19:00:00 GMT-0500 (Eastern Standard Time)
401,177,malfunction,Sat Oct 12 2013 20:00:00 GMT-0400 (Eastern Daylight Time)
402,94,malfunction,Mon Feb 21 2011 19:00:00 GMT-0500 (Eastern Standard Time)
403,173,broken,Fri Dec 26 2014 19:00:00 GMT-0500 (Eastern Standard Time)
404,106,screws loose,Fri May 27 2016 20:00:00 GMT-0400 (Eastern Daylight Time)
405,136,disabled,Tue Dec 01 2015 19:00:00 GMT-0500 (Eastern Standard Time)
406,89,buggy,Thu Apr 22 2010 20:00:00 GMT-0400 (Eastern Daylight Time)
407,91,buggy,Sat Feb 18 2012 19:00:00 GMT-0500 (Eastern Standard Time)
408,178,buggy,Sun Jun 26 2016 20:00:00 GMT-0400 (Eastern Daylight Time)
409,5,buggy,Mon Feb 29 2016 19:00:00 GMT-0500 (Eastern Standard Time)
410,161,malfunction,Tue Oct 03 2017 20:00:00 GMT-0400 (Eastern Daylight Time)
411,167,broken,Sat Mar 24 2012 20:00:00 GMT-0400 (Eastern Daylight Time)
412,132,buggy,Tue Jan 27 2015 19:00:00 GMT-0500 (Eastern Standard Time)
413,112,unstable,Tue Jul 16 2013 20:00:00 GMT-0400 (Eastern Daylight Time)
414,101,disabled,Mon Apr 09 2018 20:00:00 GMT-0400 (Eastern Daylight Time)
415,142,unstable,Tue May 07 2019 20:00:00 GMT-0400 (Eastern Daylight Time)
416,97,buggy,Sat May 21 2016 20:00:00 GMT-0400 (Eastern Daylight Time)
417,184,unstable,Fri Apr 26 2019 20:00:00 GMT-0400 (Eastern Daylight Time)
418,190,disabled,Wed Mar 22 2017 20:00:00 GMT-0400 (Eastern Daylight Time)
419,104,malfunction,Mon Sep 28 2015 20:00:00 GMT-0400 (Eastern Daylight Time)
420,50,unstable,Mon Aug 19 2013 20:00:00 GMT-0400 (Eastern Daylight Time)
421,40,unstable,Wed Jan 27 2016 19:00:00 GMT-0500 (Eastern Standard Time)
422,147,delayed activation,Tue Nov 22 2016 19:00:00 GMT-0500 (Eastern Standard Time)
423,102,delayed activation,Fri Jan 24 2014 19:00:00 GMT-0500 (Eastern Standard Time)
424,126,parts missing,Sat Jul 04 2015 20:00:00 GMT-0400 (Eastern Daylight Time)
425,15,broken,Fri Apr 23 2010 20:00:00 GMT-0400 (Eastern Daylight Time)
426,65,malfunction,Sat Dec 24 2016 19:00:00 GMT-0500 (Eastern Standard Time)
427,47,screws loose,Tue Dec 10 2019 19:00:00 GMT-0500 (Eastern Standard Time)
428,88,unstable,Fri Nov 09 2018 19:00:00 GMT-0500 (Eastern Standard Time)
429,3,malfunction,Mon Feb 13 2012 19:00:00 GMT-0500 (Eastern Standard Time)
430,74,disabled,Tue Mar 07 2017 19:00:00 GMT-0500 (Eastern Standard Time)
431,160,buggy,Mon Jun 06 2016 20:00:00 GMT-0400 (Eastern Daylight Time)
432,45,malfunction,Sun Apr 16 2017 20:00:00 GMT-0400 (Eastern Daylight Time)
433,55,unstable,Fri Aug 07 2015 20:00:00 GMT-0400 (Eastern Daylight Time)
434,65,screws loose,Mon Oct 21 2019 20:00:00 GMT-0400 (Eastern Daylight Time)
435,52,buggy,Wed Jan 30 2013 19:00:00 GMT-0500 (Eastern Standard Time)
436,70,disabled,Sat Oct 09 2010 20:00:00 GMT-0400 (Eastern Daylight Time)
437,43,malfunction,Tue Dec 06 2011 19:00:00 GMT-0500 (Eastern Standard Time)
438,68,delayed activation,Sat May 06 2017 20:00:00 GMT-0400 (Eastern Daylight Time)
439,123,malfunction,Wed Aug 18 2010 20:00:00 GMT-0400 (Eastern Daylight Time)
440,175,unstable,Mon May 31 2010 20:00:00 GMT-0400 (Eastern Daylight Time)
441,109,disabled,Fri Sep 02 2016 20:00:00 GMT-0400 (Eastern Daylight Time)
442,116,disabled,Sat Jun 20 2015 20:00:00 GMT-0400 (Eastern Daylight Time)
443,200,malfunction,Wed Nov 11 2015 19:00:00 GMT-0500 (Eastern Standard Time)
444,10,parts missing,Tue Aug 31 2010 20:00:00 GMT-0400 (Eastern Daylight Time)
445,132,broken,Mon Feb 22 2010 19:00:00 GMT-0500 (Eastern Standard Time)
446,108,malfunction,Mon Feb 01 2010 19:00:00 GMT-0500 (Eastern Standard Time)
447,101,parts missing,Tue Jul 10 2012 20:00:00 GMT-0400 (Eastern Daylight Time)
448,53,screws loose,Tue Apr 28 2015 20:00:00 GMT-0400 (Eastern Daylight Time)
449,44,parts missing,Thu Feb 09 2012 19:00:00 GMT-0500 (Eastern Standard Time)
450,12,parts missing,Mon Mar 08 2010 19:00:00 GMT-0500 (Eastern Standard Time)
451,29,buggy,Wed Oct 26 2011 20:00:00 GMT-0400 (Eastern Daylight Time)
452,73,unstable,Wed May 28 2014 20:00:00 GMT-0400 (Eastern Daylight Time)
453,31,delayed activation,Sun Aug 04 2013 20:00:00 GMT-0400 (Eastern Daylight Time)
454,41,screws loose,Sat Nov 01 2014 20:00:00 GMT-0400 (Eastern Daylight Time)
455,112,buggy,Sun Jul 31 2011 20:00:00 GMT-0400 (Eastern Daylight Time)
456,59,malfunction,Tue Jun 04 2013 20:00:00 GMT-0400 (Eastern Daylight Time)
457,18,delayed activation,Sun Feb 19 2017 19:00:00 GMT-0500 (Eastern Standard Time)
458,101,malfunction,Mon Dec 31 2018 19:00:00 GMT-0500 (Eastern Standard Time)
459,42,buggy,Fri Sep 12 2014 20:00:00 GMT-0400 (Eastern Daylight Time)
460,144,buggy,Fri Jan 06 2017 19:00:00 GMT-0500 (Eastern Standard Time)
461,45,unstable,Wed Jul 02 2014 20:00:00 GMT-0400 (Eastern Daylight Time)
462,94,unstable,Sat Dec 23 2017 19:00:00 GMT-0500 (Eastern Standard Time)
463,179,delayed activation,Tue Mar 14 2017 20:00:00 GMT-0400 (Eastern Daylight Time)
464,173,malfunction,Fri Feb 26 2010 19:00:00 GMT-0500 (Eastern Standard Time)
465,83,malfunction,Mon Nov 11 2013 19:00:00 GMT-0500 (Eastern Standard Time)
466,77,parts missing,Wed Jul 18 2018 20:00:00 GMT-0400 (Eastern Daylight Time)
467,63,disabled,Tue Mar 10 2015 20:00:00 GMT-0400 (Eastern Daylight Time)
468,16,parts missing,Thu Jun 24 2010 20:00:00 GMT-0400 (Eastern Daylight Time)
469,143,delayed activation,Tue Mar 06 2018 19:00:00 GMT-0500 (Eastern Standard Time)
470,139,broken,Fri Apr 17 2015 20:00:00 GMT-0400 (Eastern Daylight Time)
471,168,malfunction,Wed Aug 14 2019 20:00:00 GMT-0400 (Eastern Daylight Time)
472,10,buggy,Fri May 27 2016 20:00:00 GMT-0400 (Eastern Daylight Time)
473,34,delayed activation,Sat Sep 21 2019 20:00:00 GMT-0400 (Eastern Daylight Time)
474,110,screws loose,Sat Nov 01 2014 20:00:00 GMT-0400 (Eastern Daylight Time)
475,89,broken,Sat Sep 22 2012 20:00:00 GMT-0400 (Eastern Daylight Time)
476,139,parts missing,Thu Apr 19 2012 20:00:00 GMT-0400 (Eastern Daylight Time)
477,96,parts missing,Wed Apr 24 2013 20:00:00 GMT-0400 (Eastern Daylight Time)
478,121,screws loose,Tue Jun 15 2010 20:00:00 GMT-0400 (Eastern Daylight Time)
479,155,malfunction,Sat Jun 11 2011 20:00:00 GMT-0400 (Eastern Daylight Time)
480,140,parts missing,Tue Nov 01 2011 20:00:00 GMT-0400 (Eastern Daylight Time)
481,48,unstable,Sun Jan 29 2012 19:00:00 GMT-0500 (Eastern Standard Time)
482,34,malfunction,Sat Jun 01 2013 20:00:00 GMT-0400 (Eastern Daylight Time)
483,161,unstable,Sun Sep 16 2012 20:00:00 GMT-0400 (Eastern Daylight Time)
484,121,unstable,Tue Jan 28 2014 19:00:00 GMT-0500 (Eastern Standard Time)
485,194,broken,Thu Dec 29 2016 19:00:00 GMT-0500 (Eastern Standard Time)
486,20,disabled,Wed Apr 16 2014 20:00:00 GMT-0400 (Eastern Daylight Time)
487,104,delayed activation,Mon Sep 23 2019 20:00:00 GMT-0400 (Eastern Daylight Time)
488,40,buggy,Tue Jul 01 2014 20:00:00 GMT-0400 (Eastern Daylight Time)
489,101,malfunction,Sat Nov 06 2010 20:00:00 GMT-0400 (Eastern Daylight Time)
490,62,unstable,Tue Jan 08 2019 19:00:00 GMT-0500 (Eastern Standard Time)
491,95,unstable,Sat Mar 18 2017 20:00:00 GMT-0400 (Eastern Daylight Time)
492,160,parts missing,Wed Nov 02 2011 20:00:00 GMT-0400 (Eastern Daylight Time)
493,145,delayed activation,Wed Nov 16 2011 19:00:00 GMT-0500 (Eastern Standard Time)
494,156,broken,Sat Jul 28 2018 20:00:00 GMT-0400 (Eastern Daylight Time)
495,90,screws loose,Sun Jun 29 2014 20:00:00 GMT-0400 (Eastern Daylight Time)
496,57,malfunction,Sat Jan 07 2017 19:00:00 GMT-0500 (Eastern Standard Time)
497,89,disabled,Sat Dec 27 2014 19:00:00 GMT-0500 (Eastern Standard Time)
498,39,unstable,Fri Apr 12 2013 20:00:00 GMT-0400 (Eastern Daylight Time)
499,129,buggy,Fri Jun 24 2011 20:00:00 GMT-0400 (Eastern Daylight Time)
500,52,screws loose,Mon Jul 22 2013 20:00:00 GMT-0400 (Eastern Daylight Time)
501,30,buggy,Sun Oct 27 2019 20:00:00 GMT-0400 (Eastern Daylight Time)
502,179,malfunction,Thu Dec 11 2014 19:00:00 GMT-0500 (Eastern Standard Time)
503,129,disabled,Tue Apr 03 2018 20:00:00 GMT-0400 (Eastern Daylight Time)
504,2,unstable,Wed Sep 09 2015 20:00:00 GMT-0400 (Eastern Daylight Time)
505,27,broken,Thu Jul 29 2010 20:00:00 GMT-0400 (Eastern Daylight Time)
506,83,disabled,Fri May 07 2010 20:00:00 GMT-0400 (Eastern Daylight Time)
507,78,parts missing,Wed Aug 22 2012 20:00:00 GMT-0400 (Eastern Daylight Time)
508,150,malfunction,Sat Jan 09 2010 19:00:00 GMT-0500 (Eastern Standard Time)
509,102,parts missing,Thu Feb 24 2011 19:00:00 GMT-0500 (Eastern Standard Time)
510,52,delayed activation,Wed Sep 12 2012 20:00:00 GMT-0400 (Eastern Daylight Time)
511,23,unstable,Thu Mar 22 2012 20:00:00 GMT-0400 (Eastern Daylight Time)
512,192,parts missing,Sun May 16 2010 20:00:00 GMT-0400 (Eastern Daylight Time)
513,121,parts missing,Thu Mar 10 2011 19:00:00 GMT-0500 (Eastern Standard Time)
514,93,screws loose,Wed Jun 16 2010 20:00:00 GMT-0400 (Eastern Daylight Time)
515,150,buggy,Sat Sep 03 2011 20:00:00 GMT-0400 (Eastern Daylight Time)
516,86,screws loose,Wed Dec 14 2016 19:00:00 GMT-0500 (Eastern Standard Time)
517,160,buggy,Mon Jan 30 2017 19:00:00 GMT-0500 (Eastern Standard Time)
518,71,unstable,Thu Apr 17 2014 20:00:00 GMT-0400 (Eastern Daylight Time)
519,160,screws loose,Sun Sep 25 2011 20:00:00 GMT-0400 (Eastern Daylight Time)
520,49,unstable,Tue Aug 13 2019 20:00:00 GMT-0400 (Eastern Daylight Time)
521,189,unstable,Wed May 23 2012 20:00:00 GMT-0400 (Eastern Daylight Time)
522,7,unstable,Sat Jul 07 2012 20:00:00 GMT-0400 (Eastern Daylight Time)
523,12,parts missing,Thu Apr 24 2014 20:00:00 GMT-0400 (Eastern Daylight Time)
524,154,buggy,Fri Apr 01 2011 20:00:00 GMT-0400 (Eastern Daylight Time)
525,31,malfunction,Tue Sep 14 2010 20:00:00 GMT-0400 (Eastern Daylight Time)
526,159,unstable,Thu Oct 29 2015 20:00:00 GMT-0400 (Eastern Daylight Time)
527,189,parts missing,Sun Mar 30 2014 20:00:00 GMT-0400 (Eastern Daylight Time)
528,52,buggy,Mon Oct 14 2019 20:00:00 GMT-0400 (Eastern Daylight Time)
529,115,disabled,Tue May 14 2019 20:00:00 GMT-0400 (Eastern Daylight Time)
530,144,broken,Sun Jun 02 2013 20:00:00 GMT-0400 (Eastern Daylight Time)
531,135,screws loose,Sat Jul 23 2011 20:00:00 GMT-0400 (Eastern Daylight Time)
532,122,broken,Fri Apr 13 2018 20:00:00 GMT-0400 (Eastern Daylight Time)
533,39,broken,Mon Aug 22 2011 20:00:00 GMT-0400 (Eastern Daylight Time)
534,197,disabled,Thu Apr 08 2010 20:00:00 GMT-0400 (Eastern Daylight Time)
535,84,parts missing,Sat Jan 08 2011 19:00:00 GMT-0500 (Eastern Standard Time)
536,198,broken,Sun May 29 2011 20:00:00 GMT-0400 (Eastern Daylight Time)
537,64,disabled,Sat Sep 14 2019 20:00:00 GMT-0400 (Eastern Daylight Time)
538,152,disabled,Wed Jan 07 2015 19:00:00 GMT-0500 (Eastern Standard Time)
539,16,parts missing,Fri Mar 22 2019 20:00:00 GMT-0400 (Eastern Daylight Time)
540,169,unstable,Mon Feb 15 2016 19:00:00 GMT-0500 (Eastern Standard Time)
541,19,parts missing,Sun May 18 2014 20:00:00 GMT-0400 (Eastern Daylight Time)
542,46,screws loose,Mon May 18 2015 20:00:00 GMT-0400 (Eastern Daylight Time)
543,179,buggy,Tue Jun 16 2015 20:00:00 GMT-0400 (Eastern Daylight Time)
544,71,screws loose,Sat Dec 16 2017 19:00:00 GMT-0500 (Eastern Standard Time)
545,38,malfunction,Wed Feb 06 2013 19:00:00 GMT-0500 (Eastern Standard Time)
546,7,malfunction,Thu Nov 03 2016 20:00:00 GMT-0400 (Eastern Daylight Time)
547,15,screws loose,Sun May 02 2010 20:00:00 GMT-0400 (Eastern Daylight Time)
548,134,unstable,Thu May 21 2015 20:00:00 GMT-0400 (Eastern Daylight Time)
549,145,delayed activation,Wed Jan 28 2015 19:00:00 GMT-0500 (Eastern Standard Time)
550,78,screws loose,Mon Jun 27 2011 20:00:00 GMT-0400 (Eastern Daylight Time)
551,125,delayed activation,Sat Apr 30 2011 20:00:00 GMT-0400 (Eastern Daylight Time)
552,64,buggy,Sat Apr 23 2011 20:00:00 GMT-0400 (Eastern Daylight Time)
553,89,delayed activation,Fri Dec 04 2015 19:00:00 GMT-0500 (Eastern Standard Time)
554,11,malfunction,Sun Apr 20 2014 20:00:00 GMT-0400 (Eastern Daylight Time)
555,195,buggy,Sun Jan 21 2018 19:00:00 GMT-0500 (Eastern Standard Time)
556,11,broken,Sun Dec 30 2018 19:00:00 GMT-0500 (Eastern Standard Time)
557,166,unstable,Sun Aug 05 2012 20:00:00 GMT-0400 (Eastern Daylight Time)
558,109,parts missing,Tue Jan 24 2017 19:00:00 GMT-0500 (Eastern Standard Time)
559,33,broken,Mon Jun 29 2015 20:00:00 GMT-0400 (Eastern Daylight Time)
560,188,unstable,Sat May 31 2014 20:00:00 GMT-0400 (Eastern Daylight Time)
561,59,broken,Wed Aug 13 2014 20:00:00 GMT-0400 (Eastern Daylight Time)
562,28,disabled,Mon May 02 2016 20:00:00 GMT-0400 (Eastern Daylight Time)
563,118,unstable,Sat Jan 14 2017 19:00:00 GMT-0500 (Eastern Standard Time)
564,192,disabled,Fri Aug 31 2018 20:00:00 GMT-0400 (Eastern Daylight Time)
565,16,malfunction,Tue Jun 21 2011 20:00:00 GMT-0400 (Eastern Daylight Time)
566,126,buggy,Thu Dec 21 2017 19:00:00 GMT-0500 (Eastern Standard Time)
567,86,buggy,Mon Jul 21 2014 20:00:00 GMT-0400 (Eastern Daylight Time)
568,30,unstable,Fri Sep 02 2016 20:00:00 GMT-0400 (Eastern Daylight Time)
569,72,delayed activation,Sun Dec 19 2010 19:00:00 GMT-0500 (Eastern Standard Time)
570,21,parts missing,Mon Jun 03 2013 20:00:00 GMT-0400 (Eastern Daylight Time)
571,36,unstable,Mon Oct 24 2011 20:00:00 GMT-0400 (Eastern Daylight Time)
572,157,malfunction,Sun Oct 27 2013 20:00:00 GMT-0400 (Eastern Daylight Time)
573,8,unstable,Wed Dec 12 2018 19:00:00 GMT-0500 (Eastern Standard Time)
574,200,broken,Fri May 24 2019 20:00:00 GMT-0400 (Eastern Daylight Time)
575,184,parts missing,Wed Feb 20 2013 19:00:00 GMT-0500 (Eastern Standard Time)
576,135,unstable,Fri Mar 06 2015 19:00:00 GMT-0500 (Eastern Standard Time)
577,98,disabled,Sat May 26 2012 20:00:00 GMT-0400 (Eastern Daylight Time)
578,198,delayed activation,Tue Oct 02 2018 20:00:00 GMT-0400 (Eastern Daylight Time)
579,44,malfunction,Thu Jan 28 2016 19:00:00 GMT-0500 (Eastern Standard Time)
580,136,unstable,Fri Nov 03 2017 20:00:00 GMT-0400 (Eastern Daylight Time)
581,45,malfunction,Fri Mar 15 2013 20:00:00 GMT-0400 (Eastern Daylight Time)
582,127,screws loose,Sat Mar 14 2015 20:00:00 GMT-0400 (Eastern Daylight Time)
583,171,buggy,Thu Jun 06 2019 20:00:00 GMT-0400 (Eastern Daylight Time)
584,175,disabled,Thu Feb 02 2012 19:00:00 GMT-0500 (Eastern Standard Time)
585,170,disabled,Sat May 23 2015 20:00:00 GMT-0400 (Eastern Daylight Time)
586,79,parts missing,Thu Sep 01 2011 20:00:00 GMT-0400 (Eastern Daylight Time)
587,73,screws loose,Fri May 14 2010 20:00:00 GMT-0400 (Eastern Daylight Time)
588,173,delayed activation,Fri Apr 27 2018 20:00:00 GMT-0400 (Eastern Daylight Time)
589,87,parts missing,Tue Dec 01 2015 19:00:00 GMT-0500 (Eastern Standard Time)
590,103,broken,Fri Apr 27 2018 20:00:00 GMT-0400 (Eastern Daylight Time)
591,4,unstable,Tue Oct 09 2018 20:00:00 GMT-0400 (Eastern Daylight Time)
592,28,delayed activation,Tue Mar 08 2011 19:00:00 GMT-0500 (Eastern Standard Time)
593,105,disabled,Fri Apr 10 2015 20:00:00 GMT-0400 (Eastern Daylight Time)
594,116,broken,Mon Apr 24 2017 20:00:00 GMT-0400 (Eastern Daylight Time)
595,126,malfunction,Thu Jun 24 2010 20:00:00 GMT-0400 (Eastern Daylight Time)
596,63,parts missing,Mon May 17 2010 20:00:00 GMT-0400 (Eastern Daylight Time)
597,193,disabled,Sun Jul 09 2017 20:00:00 GMT-0400 (Eastern Daylight Time)
598,47,parts missing,Sun Jun 19 2016 20:00:00 GMT-0400 (Eastern Daylight Time)
599,73,unstable,Thu Jul 15 2010 20:00:00 GMT-0400 (Eastern Daylight Time)
600,48,malfunction,Mon Jun 04 2018 20:00:00 GMT-0400 (Eastern Daylight Time)
601,54,malfunction,Sat Sep 29 2018 20:00:00 GMT-0400 (Eastern Daylight Time)
602,122,screws loose,Tue Feb 02 2016 19:00:00 GMT-0500 (Eastern Standard Time)
603,29,screws loose,Thu Sep 27 2012 20:00:00 GMT-0400 (Eastern Daylight Time)
604,171,delayed activation,Tue Oct 14 2014 20:00:00 GMT-0400 (Eastern Daylight Time)
605,192,delayed activation,Sun May 13 2018 20:00:00 GMT-0400 (Eastern Daylight Time)
606,158,parts missing,Sun Mar 07 2010 19:00:00 GMT-0500 (Eastern Standard Time)
607,121,screws loose,Tue Jul 31 2018 20:00:00 GMT-0400 (Eastern Daylight Time)
608,53,disabled,Fri Apr 20 2018 20:00:00 GMT-0400 (Eastern Daylight Time)
609,159,delayed activation,Fri Sep 14 2018 20:00:00 GMT-0400 (Eastern Daylight Time)
610,43,parts missing,Sat Feb 15 2014 19:00:00 GMT-0500 (Eastern Standard Time)
611,82,delayed activation,Wed Nov 10 2010 19:00:00 GMT-0500 (Eastern Standard Time)
612,106,delayed activation,Fri Apr 06 2012 20:00:00 GMT-0400 (Eastern Daylight Time)
613,175,screws loose,Wed Aug 03 2011 20:00:00 GMT-0400 (Eastern Daylight Time)
614,183,malfunction,Fri Jan 25 2013 19:00:00 GMT-0500 (Eastern Standard Time)
615,31,disabled,Tue Oct 15 2013 20:00:00 GMT-0400 (Eastern Daylight Time)
616,174,delayed activation,Sun Sep 08 2013 20:00:00 GMT-0400 (Eastern Daylight Time)
617,121,buggy,Thu May 29 2014 20:00:00 GMT-0400 (Eastern Daylight Time)
618,109,buggy,Sat Dec 15 2012 19:00:00 GMT-0500 (Eastern Standard Time)
619,184,malfunction,Wed Dec 07 2011 19:00:00 GMT-0500 (Eastern Standard Time)
620,162,broken,Fri Jun 15 2012 20:00:00 GMT-0400 (Eastern Daylight Time)
621,87,parts missing,Sat Mar 26 2016 20:00:00 GMT-0400 (Eastern Daylight Time)
622,105,delayed activation,Sat Dec 05 2015 19:00:00 GMT-0500 (Eastern Standard Time)
623,119,malfunction,Sun Apr 28 2013 20:00:00 GMT-0400 (Eastern Daylight Time)
624,113,delayed activation,Sun Oct 13 2019 20:00:00 GMT-0400 (Eastern Daylight Time)
625,107,malfunction,Mon Feb 13 2012 19:00:00 GMT-0500 (Eastern Standard Time)
626,28,malfunction,Sun Apr 19 2015 20:00:00 GMT-0400 (Eastern Daylight Time)
627,111,disabled,Sun Nov 27 2011 19:00:00 GMT-0500 (Eastern Standard Time)
628,60,malfunction,Wed Jun 16 2010 20:00:00 GMT-0400 (Eastern Daylight Time)
629,51,malfunction,Wed Oct 03 2012 20:00:00 GMT-0400 (Eastern Daylight Time)
630,35,delayed activation,Wed Jun 13 2018 20:00:00 GMT-0400 (Eastern Daylight Time)
631,120,buggy,Mon Jun 24 2013 20:00:00 GMT-0400 (Eastern Daylight Time)
632,71,unstable,Thu Apr 14 2016 20:00:00 GMT-0400 (Eastern Daylight Time)
633,75,buggy,Tue May 14 2013 20:00:00 GMT-0400 (Eastern Daylight Time)
634,143,malfunction,Sat Oct 19 2019 20:00:00 GMT-0400 (Eastern Daylight Time)
635,141,buggy,Mon Dec 02 2013 19:00:00 GMT-0500 (Eastern Standard Time)
636,168,unstable,Tue May 08 2012 20:00:00 GMT-0400 (Eastern Daylight Time)
637,3,delayed activation,Mon Feb 15 2016 19:00:00 GMT-0500 (Eastern Standard Time)
638,36,broken,Sat Dec 26 2015 19:00:00 GMT-0500 (Eastern Standard Time)
639,70,buggy,Wed Feb 06 2013 19:00:00 GMT-0500 (Eastern Standard Time)
640,143,delayed activation,Thu Oct 26 2017 20:00:00 GMT-0400 (Eastern Daylight Time)
641,103,broken,Fri Aug 10 2012 20:00:00 GMT-0400 (Eastern Daylight Time)
642,194,buggy,Sat Nov 26 2011 19:00:00 GMT-0500 (Eastern Standard Time)
643,68,screws loose,Mon Apr 04 2016 20:00:00 GMT-0400 (Eastern Daylight Time)
644,82,screws loose,Thu Sep 05 2013 20:00:00 GMT-0400 (Eastern Daylight Time)
645,148,malfunction,Fri Apr 28 2017 20:00:00 GMT-0400 (Eastern Daylight Time)
646,43,broken,Tue May 10 2016 20:00:00 GMT-0400 (Eastern Daylight Time)
647,45,screws loose,Wed Aug 06 2014 20:00:00 GMT-0400 (Eastern Daylight Time)
648,135,broken,Sun Jan 28 2018 19:00:00 GMT-0500 (Eastern Standard Time)
649,169,parts missing,Thu Apr 18 2019 20:00:00 GMT-0400 (Eastern Daylight Time)
650,5,parts missing,Fri Mar 15 2019 20:00:00 GMT-0400 (Eastern Daylight Time)
651,36,broken,Sun Apr 09 2017 20:00:00 GMT-0400 (Eastern Daylight Time)
652,153,broken,Fri May 13 2016 20:00:00 GMT-0400 (Eastern Daylight Time)
653,115,parts missing,Tue May 25 2010 20:00:00 GMT-0400 (Eastern Daylight Time)
654,70,broken,Fri Sep 12 2014 20:00:00 GMT-0400 (Eastern Daylight Time)
655,87,unstable,Wed Jul 15 2015 20:00:00 GMT-0400 (Eastern Daylight Time)
656,65,delayed activation,Tue Nov 26 2019 19:00:00 GMT-0500 (Eastern Standard Time)
657,95,delayed activation,Tue Jul 03 2012 20:00:00 GMT-0400 (Eastern Daylight Time)
658,133,broken,Sat May 13 2017 20:00:00 GMT-0400 (Eastern Daylight Time)
659,146,unstable,Sun Jul 01 2012 20:00:00 GMT-0400 (Eastern Daylight Time)
660,78,parts missing,Sat Jan 23 2016 19:00:00 GMT-0500 (Eastern Standard Time)
661,101,delayed activation,Sun Sep 09 2012 20:00:00 GMT-0400 (Eastern Daylight Time)
662,92,parts missing,Fri Nov 25 2011 19:00:00 GMT-0500 (Eastern Standard Time)
663,109,unstable,Wed Jun 25 2014 20:00:00 GMT-0400 (Eastern Daylight Time)
664,58,screws loose,Sun Jul 09 2017 20:00:00 GMT-0400 (Eastern Daylight Time)
665,14,broken,Tue Nov 26 2019 19:00:00 GMT-0500 (Eastern Standard Time)
666,173,parts missing,Sat Feb 22 2014 19:00:00 GMT-0500 (Eastern Standard Time)
667,112,disabled,Sat Oct 22 2011 20:00:00 GMT-0400 (Eastern Daylight Time)
668,81,malfunction,Sat Feb 18 2017 19:00:00 GMT-0500 (Eastern Standard Time)
669,69,buggy,Tue Oct 08 2019 20:00:00 GMT-0400 (Eastern Daylight Time)
670,133,broken,Tue Feb 28 2017 19:00:00 GMT-0500 (Eastern Standard Time)
671,119,unstable,Fri Apr 18 2014 20:00:00 GMT-0400 (Eastern Daylight Time)
672,139,buggy,Fri Jan 09 2015 19:00:00 GMT-0500 (Eastern Standard Time)
673,7,malfunction,Wed May 09 2012 20:00:00 GMT-0400 (Eastern Daylight Time)
674,96,broken,Thu Oct 22 2015 20:00:00 GMT-0400 (Eastern Daylight Time)
675,23,buggy,Wed Sep 28 2011 20:00:00 GMT-0400 (Eastern Daylight Time)
676,172,parts missing,Wed Aug 17 2011 20:00:00 GMT-0400 (Eastern Daylight Time)
677,134,buggy,Fri Jan 13 2017 19:00:00 GMT-0500 (Eastern Standard Time)
678,80,buggy,Sat Apr 04 2015 20:00:00 GMT-0400 (Eastern Daylight Time)
679,116,screws loose,Fri Nov 20 2015 19:00:00 GMT-0500 (Eastern Standard Time)
680,135,buggy,Wed Mar 27 2013 20:00:00 GMT-0400 (Eastern Daylight Time)
681,85,parts missing,Fri Dec 20 2013 19:00:00 GMT-0500 (Eastern Standard Time)
682,197,parts missing,Mon Dec 24 2018 19:00:00 GMT-0500 (Eastern Standard Time)
683,69,buggy,Wed Sep 13 2017 20:00:00 GMT-0400 (Eastern Daylight Time)
684,86,broken,Sun Oct 28 2012 20:00:00 GMT-0400 (Eastern Daylight Time)
685,11,buggy,Fri Aug 16 2013 20:00:00 GMT-0400 (Eastern Daylight Time)
686,126,disabled,Sat Nov 13 2010 19:00:00 GMT-0500 (Eastern Standard Time)
687,164,unstable,Tue Jan 23 2018 19:00:00 GMT-0500 (Eastern Standard Time)
688,13,malfunction,Sat Feb 06 2016 19:00:00 GMT-0500 (Eastern Standard Time)
689,61,malfunction,Tue Feb 20 2018 19:00:00 GMT-0500 (Eastern Standard Time)
690,198,screws loose,Fri Apr 22 2016 20:00:00 GMT-0400 (Eastern Daylight Time)
691,162,parts missing,Thu Oct 31 2013 20:00:00 GMT-0400 (Eastern Daylight Time)
692,176,parts missing,Sun Mar 24 2013 20:00:00 GMT-0400 (Eastern Daylight Time)
693,87,delayed activation,Tue May 28 2019 20:00:00 GMT-0400 (Eastern Daylight Time)
694,174,buggy,Sat Aug 17 2019 20:00:00 GMT-0400 (Eastern Daylight Time)
695,175,disabled,Sun Dec 02 2018 19:00:00 GMT-0500 (Eastern Standard Time)
696,34,delayed activation,Sat Oct 22 2016 20:00:00 GMT-0400 (Eastern Daylight Time)
697,107,malfunction,Sat Jul 30 2011 20:00:00 GMT-0400 (Eastern Daylight Time)
698,16,disabled,Thu Aug 15 2013 20:00:00 GMT-0400 (Eastern Daylight Time)
699,189,malfunction,Sat Sep 01 2018 20:00:00 GMT-0400 (Eastern Daylight Time)
700,25,malfunction,Mon Jan 30 2012 19:00:00 GMT-0500 (Eastern Standard Time)
701,167,buggy,Mon Jun 06 2011 20:00:00 GMT-0400 (Eastern Daylight Time)
702,141,unstable,Sat Sep 21 2013 20:00:00 GMT-0400 (Eastern Daylight Time)
703,197,delayed activation,Fri Aug 11 2017 20:00:00 GMT-0400 (Eastern Daylight Time)
704,135,disabled,Tue Aug 08 2017 20:00:00 GMT-0400 (Eastern Daylight Time)
705,34,unstable,Tue Nov 11 2014 19:00:00 GMT-0500 (Eastern Standard Time)
706,184,broken,Thu Aug 26 2010 20:00:00 GMT-0400 (Eastern Daylight Time)
707,51,parts missing,Mon Jan 28 2019 19:00:00 GMT-0500 (Eastern Standard Time)
708,53,unstable,Wed Dec 19 2012 19:00:00 GMT-0500 (Eastern Standard Time)
709,3,disabled,Sat Nov 30 2013 19:00:00 GMT-0500 (Eastern Standard Time)
710,59,parts missing,Fri Jul 26 2013 20:00:00 GMT-0400 (Eastern Daylight Time)
711,10,disabled,Mon Jan 21 2013 19:00:00 GMT-0500 (Eastern Standard Time)
712,196,broken,Thu Oct 15 2015 20:00:00 GMT-0400 (Eastern Daylight Time)
713,141,screws loose,Tue Feb 05 2013 19:00:00 GMT-0500 (Eastern Standard Time)
714,54,malfunction,Tue Jul 24 2018 20:00:00 GMT-0400 (Eastern Daylight Time)
715,80,broken,Wed Apr 28 2010 20:00:00 GMT-0400 (Eastern Daylight Time)
716,93,malfunction,Fri Mar 04 2016 19:00:00 GMT-0500 (Eastern Standard Time)
717,66,disabled,Fri Aug 08 2014 20:00:00 GMT-0400 (Eastern Daylight Time)
718,62,screws loose,Sun May 25 2014 20:00:00 GMT-0400 (Eastern Daylight Time)
719,200,buggy,Fri Jun 09 2017 20:00:00 GMT-0400 (Eastern Daylight Time)
720,62,screws loose,Sat Aug 24 2013 20:00:00 GMT-0400 (Eastern Daylight Time)
721,180,buggy,Fri Sep 07 2012 20:00:00 GMT-0400 (Eastern Daylight Time)
722,197,screws loose,Sat Dec 22 2012 19:00:00 GMT-0500 (Eastern Standard Time)
723,197,unstable,Sat Feb 28 2015 19:00:00 GMT-0500 (Eastern Standard Time)
724,68,broken,Sun Sep 29 2013 20:00:00 GMT-0400 (Eastern Daylight Time)
725,153,buggy,Sat Sep 16 2017 20:00:00 GMT-0400 (Eastern Daylight Time)
726,63,unstable,Wed May 01 2013 20:00:00 GMT-0400 (Eastern Daylight Time)
727,157,buggy,Sat Feb 18 2012 19:00:00 GMT-0500 (Eastern Standard Time)
728,162,malfunction,Mon Nov 28 2011 19:00:00 GMT-0500 (Eastern Standard Time)
729,25,buggy,Fri Mar 23 2018 20:00:00 GMT-0400 (Eastern Daylight Time)
730,171,buggy,Thu Sep 29 2016 20:00:00 GMT-0400 (Eastern Daylight Time)
731,104,broken,Mon Sep 09 2019 20:00:00 GMT-0400 (Eastern Daylight Time)
732,144,broken,Fri Jan 10 2014 19:00:00 GMT-0500 (Eastern Standard Time)
733,126,delayed activation,Tue Sep 22 2015 20:00:00 GMT-0400 (Eastern Daylight Time)
734,55,parts missing,Tue Mar 21 2017 20:00:00 GMT-0400 (Eastern Daylight Time)
735,193,parts missing,Mon May 03 2010 20:00:00 GMT-0400 (Eastern Daylight Time)
736,4,malfunction,Sun May 02 2010 20:00:00 GMT-0400 (Eastern Daylight Time)
737,168,disabled,Sun Nov 27 2011 19:00:00 GMT-0500 (Eastern Standard Time)
738,112,delayed activation,Sun May 12 2013 20:00:00 GMT-0400 (Eastern Daylight Time)
739,66,unstable,Sat Aug 11 2012 20:00:00 GMT-0400 (Eastern Daylight Time)
740,65,screws loose,Sat Nov 30 2013 19:00:00 GMT-0500 (Eastern Standard Time)
741,180,parts missing,Wed Jun 26 2019 20:00:00 GMT-0400 (Eastern Daylight Time)
742,46,screws loose,Wed Mar 01 2017 19:00:00 GMT-0500 (Eastern Standard Time)
743,195,unstable,Sun Jan 15 2017 19:00:00 GMT-0500 (Eastern Standard Time)
744,62,unstable,Sun Nov 02 2014 19:00:00 GMT-0500 (Eastern Standard Time)
745,91,buggy,Thu Sep 13 2018 20:00:00 GMT-0400 (Eastern Daylight Time)
746,13,broken,Thu Apr 25 2019 20:00:00 GMT-0400 (Eastern Daylight Time)
747,57,broken,Tue Sep 13 2011 20:00:00 GMT-0400 (Eastern Daylight Time)
748,23,delayed activation,Thu May 20 2010 20:00:00 GMT-0400 (Eastern Daylight Time)
749,82,unstable,Fri Aug 27 2010 20:00:00 GMT-0400 (Eastern Daylight Time)
750,34,disabled,Sat Sep 28 2019 20:00:00 GMT-0400 (Eastern Daylight Time)
751,70,parts missing,Mon Jul 31 2017 20:00:00 GMT-0400 (Eastern Daylight Time)
752,142,disabled,Fri Mar 22 2013 20:00:00 GMT-0400 (Eastern Daylight Time)
753,185,disabled,Thu Sep 25 2014 20:00:00 GMT-0400 (Eastern Daylight Time)
754,116,screws loose,Fri Jul 26 2013 20:00:00 GMT-0400 (Eastern Daylight Time)
755,73,delayed activation,Mon Oct 03 2016 20:00:00 GMT-0400 (Eastern Daylight Time)
756,72,screws loose,Wed Jun 26 2013 20:00:00 GMT-0400 (Eastern Daylight Time)
757,55,malfunction,Mon Apr 23 2012 20:00:00 GMT-0400 (Eastern Daylight Time)
758,194,buggy,Thu Mar 28 2019 20:00:00 GMT-0400 (Eastern Daylight Time)
759,63,disabled,Fri Jun 05 2015 20:00:00 GMT-0400 (Eastern Daylight Time)
760,43,buggy,Sat Mar 30 2013 20:00:00 GMT-0400 (Eastern Daylight Time)
761,148,screws loose,Mon Feb 15 2010 19:00:00 GMT-0500 (Eastern Standard Time)
762,105,buggy,Mon Aug 19 2019 20:00:00 GMT-0400 (Eastern Daylight Time)
763,159,buggy,Wed Nov 16 2016 19:00:00 GMT-0500 (Eastern Standard Time)
764,156,screws loose,Thu Aug 01 2019 20:00:00 GMT-0400 (Eastern Daylight Time)
765,32,disabled,Sat Jan 16 2010 19:00:00 GMT-0500 (Eastern Standard Time)
766,182,broken,Sun Jan 24 2016 19:00:00 GMT-0500 (Eastern Standard Time)
767,193,parts missing,Wed Apr 15 2015 20:00:00 GMT-0400 (Eastern Daylight Time)
768,114,malfunction,Sat Apr 27 2013 20:00:00 GMT-0400 (Eastern Daylight Time)
769,72,delayed activation,Tue Mar 16 2010 20:00:00 GMT-0400 (Eastern Daylight Time)
770,40,broken,Tue Feb 12 2019 19:00:00 GMT-0500 (Eastern Standard Time)
771,45,buggy,Wed Dec 08 2010 19:00:00 GMT-0500 (Eastern Standard Time)
772,13,malfunction,Fri Mar 10 2017 19:00:00 GMT-0500 (Eastern Standard Time)
773,61,broken,Wed May 02 2018 20:00:00 GMT-0400 (Eastern Daylight Time)
774,104,screws loose,Wed Aug 29 2012 20:00:00 GMT-0400 (Eastern Daylight Time)
775,163,disabled,Sun Apr 24 2016 20:00:00 GMT-0400 (Eastern Daylight Time)
776,20,parts missing,Mon Jun 04 2018 20:00:00 GMT-0400 (Eastern Daylight Time)
777,3,screws loose,Tue Jun 02 2015 20:00:00 GMT-0400 (Eastern Daylight Time)
778,2,malfunction,Thu Jul 14 2011 20:00:00 GMT-0400 (Eastern Daylight Time)
779,113,unstable,Sun Jan 09 2011 19:00:00 GMT-0500 (Eastern Standard Time)
780,107,broken,Fri May 18 2012 20:00:00 GMT-0400 (Eastern Daylight Time)
781,181,broken,Mon Sep 10 2018 20:00:00 GMT-0400 (Eastern Daylight Time)
782,110,broken,Fri Dec 24 2010 19:00:00 GMT-0500 (Eastern Standard Time)
783,106,buggy,Tue Oct 16 2012 20:00:00 GMT-0400 (Eastern Daylight Time)
784,42,parts missing,Mon Jul 23 2012 20:00:00 GMT-0400 (Eastern Daylight Time)
785,15,screws loose,Sat May 15 2010 20:00:00 GMT-0400 (Eastern Daylight Time)
786,58,unstable,Thu Sep 12 2019 20:00:00 GMT-0400 (Eastern Daylight Time)
787,121,disabled,Thu Sep 24 2015 20:00:00 GMT-0400 (Eastern Daylight Time)
788,163,parts missing,Mon Mar 04 2013 19:00:00 GMT-0500 (Eastern Standard Time)
789,11,malfunction,Thu Aug 25 2016 20:00:00 GMT-0400 (Eastern Daylight Time)
790,181,malfunction,Wed Dec 18 2013 19:00:00 GMT-0500 (Eastern Standard Time)
791,184,disabled,Wed Mar 07 2012 19:00:00 GMT-0500 (Eastern Standard Time)
792,163,delayed activation,Sat Dec 24 2011 19:00:00 GMT-0500 (Eastern Standard Time)
793,11,malfunction,Thu Feb 03 2011 19:00:00 GMT-0500 (Eastern Standard Time)
794,138,screws loose,Thu May 11 2017 20:00:00 GMT-0400 (Eastern Daylight Time)
795,135,buggy,Mon Sep 26 2016 20:00:00 GMT-0400 (Eastern Daylight Time)
796,87,delayed activation,Tue Oct 18 2011 20:00:00 GMT-0400 (Eastern Daylight Time)
797,158,screws loose,Tue Jan 08 2013 19:00:00 GMT-0500 (Eastern Standard Time)
798,73,broken,Thu Dec 05 2013 19:00:00 GMT-0500 (Eastern Standard Time)
799,161,disabled,Sun Sep 05 2010 20:00:00 GMT-0400 (Eastern Daylight Time)
800,96,broken,Mon Feb 20 2012 19:00:00 GMT-0500 (Eastern Standard Time)
801,98,broken,Sun Jul 09 2017 20:00:00 GMT-0400 (Eastern Daylight Time)
802,189,unstable,Sat Jun 24 2017 20:00:00 GMT-0400 (Eastern Daylight Time)
803,105,unstable,Mon Dec 09 2013 19:00:00 GMT-0500 (Eastern Standard Time)
804,58,broken,Sat Mar 03 2018 19:00:00 GMT-0500 (Eastern Standard Time)
805,166,screws loose,Fri Mar 05 2010 19:00:00 GMT-0500 (Eastern Standard Time)
806,56,broken,Sun Jan 22 2012 19:00:00 GMT-0500 (Eastern Standard Time)
807,188,buggy,Tue Mar 15 2016 20:00:00 GMT-0400 (Eastern Daylight Time)
808,27,buggy,Tue Jan 26 2010 19:00:00 GMT-0500 (Eastern Standard Time)
809,26,unstable,Fri Jul 19 2013 20:00:00 GMT-0400 (Eastern Daylight Time)
810,78,malfunction,Thu May 10 2012 20:00:00 GMT-0400 (Eastern Daylight Time)
811,161,parts missing,Mon Jul 16 2012 20:00:00 GMT-0400 (Eastern Daylight Time)
812,113,buggy,Wed May 03 2017 20:00:00 GMT-0400 (Eastern Daylight Time)
813,44,buggy,Fri Nov 18 2016 19:00:00 GMT-0500 (Eastern Standard Time)
814,66,delayed activation,Mon Feb 09 2015 19:00:00 GMT-0500 (Eastern Standard Time)
815,173,buggy,Thu Apr 07 2011 20:00:00 GMT-0400 (Eastern Daylight Time)
816,53,broken,Tue Mar 27 2018 20:00:00 GMT-0400 (Eastern Daylight Time)
817,144,disabled,Thu Sep 10 2015 20:00:00 GMT-0400 (Eastern Daylight Time)
818,122,unstable,Sun Sep 09 2012 20:00:00 GMT-0400 (Eastern Daylight Time)
819,70,malfunction,Wed Sep 28 2016 20:00:00 GMT-0400 (Eastern Daylight Time)
820,67,delayed activation,Thu Dec 27 2012 19:00:00 GMT-0500 (Eastern Standard Time)
821,169,buggy,Thu Oct 22 2015 20:00:00 GMT-0400 (Eastern Daylight Time)
822,198,screws loose,Fri Aug 13 2010 20:00:00 GMT-0400 (Eastern Daylight Time)
823,176,delayed activation,Sun May 23 2010 20:00:00 GMT-0400 (Eastern Daylight Time)
824,192,broken,Tue Jul 19 2011 20:00:00 GMT-0400 (Eastern Daylight Time)
825,22,parts missing,Fri Sep 24 2010 20:00:00 GMT-0400 (Eastern Daylight Time)
826,173,disabled,Sun Feb 09 2014 19:00:00 GMT-0500 (Eastern Standard Time)
827,18,screws loose,Fri Aug 19 2016 20:00:00 GMT-0400 (Eastern Daylight Time)
828,142,disabled,Tue Dec 18 2012 19:00:00 GMT-0500 (Eastern Standard Time)
829,23,parts missing,Wed Jun 03 2015 20:00:00 GMT-0400 (Eastern Daylight Time)
830,42,buggy,Thu May 23 2013 20:00:00 GMT-0400 (Eastern Daylight Time)
831,171,delayed activation,Sun Oct 25 2015 20:00:00 GMT-0400 (Eastern Daylight Time)
832,40,delayed activation,Fri May 20 2011 20:00:00 GMT-0400 (Eastern Daylight Time)
833,93,buggy,Thu Jan 28 2010 19:00:00 GMT-0500 (Eastern Standard Time)
834,117,unstable,Mon Feb 13 2012 19:00:00 GMT-0500 (Eastern Standard Time)
835,160,parts missing,Wed Sep 23 2015 20:00:00 GMT-0400 (Eastern Daylight Time)
836,4,buggy,Wed Apr 10 2019 20:00:00 GMT-0400 (Eastern Daylight Time)
837,160,disabled,Tue May 08 2018 20:00:00 GMT-0400 (Eastern Daylight Time)
838,4,screws loose,Mon Sep 24 2012 20:00:00 GMT-0400 (Eastern Daylight Time)
839,169,disabled,Thu Jan 17 2013 19:00:00 GMT-0500 (Eastern Standard Time)
840,67,malfunction,Wed Apr 21 2010 20:00:00 GMT-0400 (Eastern Daylight Time)
841,27,disabled,Sat May 04 2013 20:00:00 GMT-0400 (Eastern Daylight Time)
842,136,buggy,Wed Jul 06 2016 20:00:00 GMT-0400 (Eastern Daylight Time)
843,180,screws loose,Mon May 04 2015 20:00:00 GMT-0400 (Eastern Daylight Time)
844,115,disabled,Sat Apr 06 2019 20:00:00 GMT-0400 (Eastern Daylight Time)
845,183,unstable,Mon Jul 09 2018 20:00:00 GMT-0400 (Eastern Daylight Time)
846,196,malfunction,Mon Apr 09 2018 20:00:00 GMT-0400 (Eastern Daylight Time)
847,14,parts missing,Sat Feb 25 2017 19:00:00 GMT-0500 (Eastern Standard Time)
848,83,delayed activation,Mon Nov 28 2011 19:00:00 GMT-0500 (Eastern Standard Time)
849,195,delayed activation,Tue Jan 09 2018 19:00:00 GMT-0500 (Eastern Standard Time)
850,195,malfunction,Wed Oct 17 2012 20:00:00 GMT-0400 (Eastern Daylight Time)
851,165,delayed activation,Wed May 01 2019 20:00:00 GMT-0400 (Eastern Daylight Time)
852,148,malfunction,Mon Feb 24 2014 19:00:00 GMT-0500 (Eastern Standard Time)
853,8,screws loose,Tue Apr 12 2016 20:00:00 GMT-0400 (Eastern Daylight Time)
854,96,disabled,Wed May 08 2019 20:00:00 GMT-0400 (Eastern Daylight Time)
855,41,disabled,Tue Nov 22 2016 19:00:00 GMT-0500 (Eastern Standard Time)
856,141,broken,Thu Mar 03 2011 19:00:00 GMT-0500 (Eastern Standard Time)
857,10,buggy,Wed Sep 19 2012 20:00:00 GMT-0400 (Eastern Daylight Time)
858,192,parts missing,Tue Jul 10 2018 20:00:00 GMT-0400 (Eastern Daylight Time)
859,70,unstable,Wed Feb 29 2012 19:00:00 GMT-0500 (Eastern Standard Time)
860,157,delayed activation,Tue Oct 07 2014 20:00:00 GMT-0400 (Eastern Daylight Time)
861,103,disabled,Mon Nov 19 2018 19:00:00 GMT-0500 (Eastern Standard Time)
862,29,broken,Fri Oct 14 2016 20:00:00 GMT-0400 (Eastern Daylight Time)
863,5,buggy,Wed Jun 19 2013 20:00:00 GMT-0400 (Eastern Daylight Time)
864,65,unstable,Sat Dec 31 2016 19:00:00 GMT-0500 (Eastern Standard Time)
865,199,parts missing,Tue May 21 2013 20:00:00 GMT-0400 (Eastern Daylight Time)
866,187,buggy,Fri May 24 2019 20:00:00 GMT-0400 (Eastern Daylight Time)
867,172,broken,Mon May 04 2015 20:00:00 GMT-0400 (Eastern Daylight Time)
868,80,screws loose,Fri Jun 07 2013 20:00:00 GMT-0400 (Eastern Daylight Time)
869,144,buggy,Mon Feb 20 2012 19:00:00 GMT-0500 (Eastern Standard Time)
870,182,unstable,Mon Oct 18 2010 20:00:00 GMT-0400 (Eastern Daylight Time)
871,46,parts missing,Thu Feb 24 2011 19:00:00 GMT-0500 (Eastern Standard Time)
872,176,malfunction,Tue Dec 20 2016 19:00:00 GMT-0500 (Eastern Standard Time)
873,58,malfunction,Mon Aug 10 2015 20:00:00 GMT-0400 (Eastern Daylight Time)
874,61,unstable,Sat Jul 19 2014 20:00:00 GMT-0400 (Eastern Daylight Time)
875,146,parts missing,Mon Feb 10 2014 19:00:00 GMT-0500 (Eastern Standard Time)
876,191,broken,Sat Nov 23 2019 19:00:00 GMT-0500 (Eastern Standard Time)
877,92,unstable,Fri Jan 15 2010 19:00:00 GMT-0500 (Eastern Standard Time)
878,78,parts missing,Tue Feb 12 2019 19:00:00 GMT-0500 (Eastern Standard Time)
879,86,broken,Wed Jun 05 2019 20:00:00 GMT-0400 (Eastern Daylight Time)
880,188,disabled,Sat Mar 31 2018 20:00:00 GMT-0400 (Eastern Daylight Time)
881,55,broken,Tue Mar 07 2017 19:00:00 GMT-0500 (Eastern Standard Time)
882,143,buggy,Mon May 06 2013 20:00:00 GMT-0400 (Eastern Daylight Time)
883,22,delayed activation,Fri Feb 24 2012 19:00:00 GMT-0500 (Eastern Standard Time)
884,125,broken,Mon Mar 13 2017 20:00:00 GMT-0400 (Eastern Daylight Time)
885,113,malfunction,Fri Oct 26 2018 20:00:00 GMT-0400 (Eastern Daylight Time)
886,8,buggy,Fri Nov 02 2012 20:00:00 GMT-0400 (Eastern Daylight Time)
887,41,delayed activation,Sun Jul 10 2016 20:00:00 GMT-0400 (Eastern Daylight Time)
888,73,unstable,Wed Dec 01 2010 19:00:00 GMT-0500 (Eastern Standard Time)
889,6,disabled,Thu Dec 12 2013 19:00:00 GMT-0500 (Eastern Standard Time)
890,183,disabled,Mon Jun 25 2012 20:00:00 GMT-0400 (Eastern Daylight Time)
891,75,broken,Thu Sep 06 2012 20:00:00 GMT-0400 (Eastern Daylight Time)
892,131,disabled,Sat Nov 15 2014 19:00:00 GMT-0500 (Eastern Standard Time)
893,182,disabled,Thu Sep 16 2010 20:00:00 GMT-0400 (Eastern Daylight Time)
894,143,disabled,Wed Dec 14 2016 19:00:00 GMT-0500 (Eastern Standard Time)
895,85,malfunction,Tue Mar 05 2019 19:00:00 GMT-0500 (Eastern Standard Time)
896,36,delayed activation,Thu Oct 29 2015 20:00:00 GMT-0400 (Eastern Daylight Time)
897,77,broken,Sun Jan 10 2016 19:00:00 GMT-0500 (Eastern Standard Time)
898,23,buggy,Mon Apr 15 2013 20:00:00 GMT-0400 (Eastern Daylight Time)
899,77,unstable,Thu Jul 10 2014 20:00:00 GMT-0400 (Eastern Daylight Time)
900,15,buggy,Sat Apr 09 2011 20:00:00 GMT-0400 (Eastern Daylight Time)
901,190,unstable,Sat Apr 23 2016 20:00:00 GMT-0400 (Eastern Daylight Time)
902,139,disabled,Mon Sep 25 2017 20:00:00 GMT-0400 (Eastern Daylight Time)
903,34,parts missing,Thu Dec 12 2019 19:00:00 GMT-0500 (Eastern Standard Time)
904,14,unstable,Thu Aug 28 2014 20:00:00 GMT-0400 (Eastern Daylight Time)
905,165,malfunction,Tue May 24 2011 20:00:00 GMT-0400 (Eastern Daylight Time)
906,18,buggy,Thu Mar 23 2017 20:00:00 GMT-0400 (Eastern Daylight Time)
907,137,broken,Tue Oct 18 2016 20:00:00 GMT-0400 (Eastern Daylight Time)
908,38,unstable,Fri Jun 08 2012 20:00:00 GMT-0400 (Eastern Daylight Time)
909,73,delayed activation,Wed May 08 2013 20:00:00 GMT-0400 (Eastern Daylight Time)
910,4,delayed activation,Mon Feb 18 2013 19:00:00 GMT-0500 (Eastern Standard Time)
911,192,parts missing,Sun Jan 31 2010 19:00:00 GMT-0500 (Eastern Standard Time)
912,66,screws loose,Sun Sep 10 2017 20:00:00 GMT-0400 (Eastern Daylight Time)
913,10,malfunction,Tue Nov 02 2010 20:00:00 GMT-0400 (Eastern Daylight Time)
914,41,buggy,Sat Feb 27 2016 19:00:00 GMT-0500 (Eastern Standard Time)
915,55,buggy,Tue Feb 14 2017 19:00:00 GMT-0500 (Eastern Standard Time)
916,111,parts missing,Sun Mar 26 2017 20:00:00 GMT-0400 (Eastern Daylight Time)
917,159,malfunction,Sat Jul 20 2013 20:00:00 GMT-0400 (Eastern Daylight Time)
918,58,parts missing,Sat Dec 14 2013 19:00:00 GMT-0500 (Eastern Standard Time)
919,16,buggy,Mon Feb 08 2016 19:00:00 GMT-0500 (Eastern Standard Time)
920,112,screws loose,Mon Mar 07 2016 19:00:00 GMT-0500 (Eastern Standard Time)
921,15,broken,Fri Sep 06 2019 20:00:00 GMT-0400 (Eastern Daylight Time)
922,76,disabled,Sat Nov 15 2014 19:00:00 GMT-0500 (Eastern Standard Time)
923,18,parts missing,Wed Jan 04 2012 19:00:00 GMT-0500 (Eastern Standard Time)
924,46,malfunction,Fri Sep 24 2010 20:00:00 GMT-0400 (Eastern Daylight Time)
925,101,buggy,Fri Aug 22 2014 20:00:00 GMT-0400 (Eastern Daylight Time)
926,153,disabled,Mon Aug 27 2018 20:00:00 GMT-0400 (Eastern Daylight Time)
927,91,parts missing,Thu Nov 21 2019 19:00:00 GMT-0500 (Eastern Standard Time)
928,172,unstable,Fri Feb 04 2011 19:00:00 GMT-0500 (Eastern Standard Time)
929,124,buggy,Sat Aug 08 2015 20:00:00 GMT-0400 (Eastern Daylight Time)
930,190,malfunction,Sun Jun 02 2019 20:00:00 GMT-0400 (Eastern Daylight Time)
931,162,buggy,Thu Jul 07 2011 20:00:00 GMT-0400 (Eastern Daylight Time)
932,146,delayed activation,Mon Apr 25 2016 20:00:00 GMT-0400 (Eastern Daylight Time)
933,153,broken,Sat Jan 19 2019 19:00:00 GMT-0500 (Eastern Standard Time)
934,143,screws loose,Sun Dec 30 2018 19:00:00 GMT-0500 (Eastern Standard Time)
935,99,delayed activation,Wed Jan 31 2018 19:00:00 GMT-0500 (Eastern Standard Time)
936,29,malfunction,Wed Jan 11 2017 19:00:00 GMT-0500 (Eastern Standard Time)
937,115,broken,Wed Jan 23 2013 19:00:00 GMT-0500 (Eastern Standard Time)
938,114,parts missing,Wed Mar 31 2010 20:00:00 GMT-0400 (Eastern Daylight Time)
939,70,buggy,Sat Dec 29 2012 19:00:00 GMT-0500 (Eastern Standard Time)
940,141,screws loose,Mon Sep 23 2019 20:00:00 GMT-0400 (Eastern Daylight Time)
941,54,parts missing,Thu May 09 2019 20:00:00 GMT-0400 (Eastern Daylight Time)
942,116,broken,Fri May 10 2013 20:00:00 GMT-0400 (Eastern Daylight Time)
943,154,screws loose,Fri Apr 05 2019 20:00:00 GMT-0400 (Eastern Daylight Time)
944,138,disabled,Wed Oct 01 2014 20:00:00 GMT-0400 (Eastern Daylight Time)
945,119,delayed activation,Tue Jun 16 2015 20:00:00 GMT-0400 (Eastern Daylight Time)
946,7,broken,Thu Feb 11 2016 19:00:00 GMT-0500 (Eastern Standard Time)
947,176,unstable,Tue Apr 02 2019 20:00:00 GMT-0400 (Eastern Daylight Time)
948,166,screws loose,Mon Jan 18 2010 19:00:00 GMT-0500 (Eastern Standard Time)
949,184,screws loose,Sat Aug 24 2013 20:00:00 GMT-0400 (Eastern Daylight Time)
950,175,parts missing,Thu Jul 09 2015 20:00:00 GMT-0400 (Eastern Daylight Time)
951,145,broken,Tue Apr 21 2015 20:00:00 GMT-0400 (Eastern Daylight Time)
952,6,screws loose,Mon Dec 18 2017 19:00:00 GMT-0500 (Eastern Standard Time)
953,41,parts missing,Wed Oct 29 2014 20:00:00 GMT-0400 (Eastern Daylight Time)
954,119,delayed activation,Sat Mar 21 2015 20:00:00 GMT-0400 (Eastern Daylight Time)
955,30,disabled,Wed Dec 16 2015 19:00:00 GMT-0500 (Eastern Standard Time)
956,149,buggy,Sat Sep 28 2013 20:00:00 GMT-0400 (Eastern Daylight Time)
957,196,screws loose,Thu Mar 03 2011 19:00:00 GMT-0500 (Eastern Standard Time)
958,36,broken,Sat Sep 10 2016 20:00:00 GMT-0400 (Eastern Daylight Time)
959,183,parts missing,Sat Aug 04 2012 20:00:00 GMT-0400 (Eastern Daylight Time)
960,49,delayed activation,Tue Jun 23 2015 20:00:00 GMT-0400 (Eastern Daylight Time)
961,171,disabled,Tue Apr 12 2011 20:00:00 GMT-0400 (Eastern Daylight Time)
962,7,disabled,Mon Aug 22 2016 20:00:00 GMT-0400 (Eastern Daylight Time)
963,22,screws loose,Sat Jul 30 2011 20:00:00 GMT-0400 (Eastern Daylight Time)
964,96,parts missing,Thu Jun 16 2016 20:00:00 GMT-0400 (Eastern Daylight Time)
965,25,delayed activation,Wed Feb 03 2016 19:00:00 GMT-0500 (Eastern Standard Time)
966,126,broken,Wed Dec 24 2014 19:00:00 GMT-0500 (Eastern Standard Time)
967,99,screws loose,Wed Sep 11 2013 20:00:00 GMT-0400 (Eastern Daylight Time)
968,22,disabled,Wed Apr 13 2016 20:00:00 GMT-0400 (Eastern Daylight Time)
969,147,disabled,Sat Dec 01 2018 19:00:00 GMT-0500 (Eastern Standard Time)
970,91,malfunction,Sun Jan 21 2018 19:00:00 GMT-0500 (Eastern Standard Time)
971,116,parts missing,Mon May 25 2015 20:00:00 GMT-0400 (Eastern Daylight Time)
972,112,parts missing,Fri Mar 23 2012 20:00:00 GMT-0400 (Eastern Daylight Time)
973,188,unstable,Mon Feb 08 2010 19:00:00 GMT-0500 (Eastern Standard Time)
974,82,malfunction,Sun Nov 25 2018 19:00:00 GMT-0500 (Eastern Standard Time)
975,133,broken,Fri Mar 29 2019 20:00:00 GMT-0400 (Eastern Daylight Time)
976,200,broken,Mon Nov 12 2018 19:00:00 GMT-0500 (Eastern Standard Time)
977,22,unstable,Tue May 08 2018 20:00:00 GMT-0400 (Eastern Daylight Time)
978,42,unstable,Wed Jul 26 2017 20:00:00 GMT-0400 (Eastern Daylight Time)
979,145,disabled,Mon Dec 19 2016 19:00:00 GMT-0500 (Eastern Standard Time)
980,24,delayed activation,Wed May 02 2018 20:00:00 GMT-0400 (Eastern Daylight Time)
981,92,unstable,Sun Sep 07 2014 20:00:00 GMT-0400 (Eastern Daylight Time)
982,41,malfunction,Fri Jul 01 2011 20:00:00 GMT-0400 (Eastern Daylight Time)
983,64,delayed activation,Fri May 20 2016 20:00:00 GMT-0400 (Eastern Daylight Time)
984,194,disabled,Fri Mar 25 2011 20:00:00 GMT-0400 (Eastern Daylight Time)
985,3,broken,Fri Jun 09 2017 20:00:00 GMT-0400 (Eastern Daylight Time)
986,14,buggy,Sat Apr 21 2012 20:00:00 GMT-0400 (Eastern Daylight Time)
987,2,delayed activation,Tue Aug 27 2019 20:00:00 GMT-0400 (Eastern Daylight Time)
988,131,parts missing,Fri Sep 03 2010 20:00:00 GMT-0400 (Eastern Daylight Time)
989,86,malfunction,Thu Apr 14 2016 20:00:00 GMT-0400 (Eastern Daylight Time)
990,94,parts missing,Thu Jun 16 2011 20:00:00 GMT-0400 (Eastern Daylight Time)
991,133,buggy,Sun Jun 04 2017 20:00:00 GMT-0400 (Eastern Daylight Time)
992,153,buggy,Tue Nov 19 2019 19:00:00 GMT-0500 (Eastern Standard Time)
993,72,malfunction,Tue Jul 17 2018 20:00:00 GMT-0400 (Eastern Daylight Time)
994,50,broken,Mon Sep 24 2018 20:00:00 GMT-0400 (Eastern Daylight Time)
995,45,unstable,Tue Jan 30 2018 19:00:00 GMT-0500 (Eastern Standard Time)
996,163,disabled,Fri May 23 2014 20:00:00 GMT-0400 (Eastern Daylight Time)
997,184,malfunction,Wed Jan 24 2018 19:00:00 GMT-0500 (Eastern Standard Time)
998,192,disabled,Mon Dec 26 2011 19:00:00 GMT-0500 (Eastern Standard Time)
999,39,parts missing,Mon Dec 04 2017 19:00:00 GMT-0500 (Eastern Standard Time)
1000,24,screws loose,Wed Dec 14 2016 19:00:00 GMT-0500 (Eastern Standard Time)
